code,date,reason
000417,2026-05-21,date_missing
000518,2026-05-21,date_missing
000536,2026-05-21,date_missing
000725,2026-05-21,date_missing
001259,2026-05-21,date_missing
001331,2026-05-21,date_missing
002036,2026-05-21,date_missing
002442,2026-05-21,date_missing
002703,2026-05-21,date_missing
002766,2026-05-21,date_missing
002952,2026-05-21,date_missing
002962,2026-05-21,date_missing
600360,2026-05-21,date_missing
600604,2026-05-21,date_missing
600611,2026-05-21,date_missing
600707,2026-05-21,date_missing
600909,2026-05-21,date_missing
600936,2026-05-21,date_missing
601636,2026-05-21,date_missing
603272,2026-04-28,date_missing
603311,2026-05-11,date_missing
603311,2026-05-12,date_missing
603324,2026-05-21,date_missing
603779,2026-05-21,date_missing
