min_score,topk,sell_n,trailing_stop,take_profit,cooldown_after_stop,initial_cash,final_value,total_return,annual_return,sharpe_ratio,max_drawdown,num_trades,win_rate,num_sells,sell_avg_return,sell_median_return
0.68,3,2,0.04,0.0,5,10000000.0,18743673.679424576,0.8743673679424577,0.9449345537790756,1.5047255740891399,-0.38807694586318053,639,0.46226415094339623,318,0.007542121658166677,-0.007696977400632243
0.68,3,2,0.03,0.0,5,10000000.0,18719973.492142454,0.8719973492142454,0.942330742636754,1.4984997863512013,-0.3504663707216257,653,0.4492307692307692,325,0.006509841516274554,-0.009418159703002082
0.68,2,2,0.03,0.0,5,10000000.0,19886897.16453079,0.9886897164530792,1.0707601289535833,1.4224092369325492,-0.4076545426487309,504,0.44223107569721115,251,0.006368201680215596,-0.010810705139483567
0.68,2,5,0.04,0.0,5,10000000.0,17580962.19013082,0.7580962190130818,0.8174267369984072,1.2763530566825705,-0.37447644195127383,390,0.3917525773195876,194,0.007277954790967983,-0.022400856250756773
0.68,3,3,0.04,0.0,5,10000000.0,16635335.639090337,0.6635335639090336,0.7140892241069157,1.2721318581629903,-0.3149137426148606,569,0.4204946996466431,283,0.006716215369069105,-0.016396189582512988
0.68,3,5,0.03,0.0,5,10000000.0,14836529.668842848,0.48365296688428483,0.5184856835647136,1.0464668823950218,-0.3992134607032376,585,0.4020618556701031,291,0.0051100083838647855,-0.018766485354064444
0.68,3,3,0.03,0.0,5,10000000.0,14341945.661755815,0.4341945661755815,0.4649416015071981,0.9645800777957504,-0.4017953658296257,619,0.4090909090909091,308,0.004624720783180334,-0.016613277236978863
0.68,2,2,0.04,0.0,5,10000000.0,13948358.44295979,0.39483584429597895,0.4224088903583607,0.8588075038105044,-0.459334639191436,486,0.4380165289256198,242,0.0036635195566123765,-0.009832555065500292
0.68,3,5,0.04,0.0,5,10000000.0,13404320.47913465,0.34043204791346504,0.36373438561706206,0.8465354318945132,-0.3926066780618932,539,0.40298507462686567,268,0.00454127579107092,-0.02049791537398077
0.58,3,2,0.03,0.0,5,10000000.0,13586302.42052067,0.35863024205206706,0.38334582697603103,0.8126235710706452,-0.5090375339459363,1019,0.42913385826771655,508,0.002788527607113913,-0.012463849705678764
0.62,3,2,0.03,0.0,5,10000000.0,13500962.122415118,0.3500962122415119,0.3741471191202004,0.8036931580159851,-0.5090375339459363,1011,0.42857142857142855,504,0.002779781935107218,-0.012547413646367522
0.68,3,2,0.04,0.08,5,10000000.0,12811808.256992951,0.28118082569929514,0.29999132929917693,0.7708731357064141,-0.39779547562783,686,0.47076023391812866,342,0.0032604256387945446,-0.006930898868669433
0.68,2,3,0.04,0.0,5,10000000.0,13100448.79903021,0.3100448799030211,0.3310223891487065,0.7680855660422176,-0.34337764777235047,422,0.3952380952380952,210,0.00407500701043223,-0.021383491900294205
0.68,3,2,0.03,0.08,5,10000000.0,12639888.56546704,0.2639888565467039,0.28152812531024174,0.7412611283929483,-0.349454295332422,703,0.48,350,0.0032215330696605906,-0.006844796064258085
0.6,3,2,0.03,0.0,5,10000000.0,12507362.747570788,0.25073627475707894,0.26730566977007664,0.691042607817055,-0.5090375339459363,1017,0.4260355029585799,507,0.002303873439170509,-0.012647288159733816
0.58,2,2,0.03,0.0,5,10000000.0,11947949.081739035,0.19479490817390355,0.20736902966741577,0.640270817123345,-0.5994827063887354,684,0.40762463343108507,341,0.00219931985575036,-0.013541386422742274
0.6,2,2,0.03,0.0,5,10000000.0,11947949.081739035,0.19479490817390355,0.20736902966741577,0.640270817123345,-0.5994827063887354,684,0.40762463343108507,341,0.00219931985575036,-0.013541386422742274
0.62,2,2,0.03,0.0,5,10000000.0,11947949.081739035,0.19479490817390355,0.20736902966741577,0.640270817123345,-0.5994827063887354,684,0.40762463343108507,341,0.00219931985575036,-0.013541386422742274
0.68,2,5,0.03,0.0,5,10000000.0,11793143.95680072,0.17931439568007201,0.19081173500384674,0.5931033718187972,-0.5326387164842419,446,0.3783783783783784,222,0.00257112801921985,-0.020239244123209765
0.68,2,3,0.03,0.0,5,10000000.0,11596811.217910033,0.15968112179100324,0.16983122742296342,0.5655469479185306,-0.49414671338499516,466,0.38362068965517243,232,0.002394975333073835,-0.018743267547199016
0.7,3,5,0.04,0.0,5,10000000.0,11096790.146794658,0.10967901467946573,0.1164930965481139,0.5341124663547594,-0.1610612843013619,138,0.37681159420289856,69,0.006882191161593461,-0.018239399448712668
0.58,3,5,0.03,0.0,5,10000000.0,11182512.983239572,0.1182512983239572,0.12562743733831394,0.5142477713402329,-0.5326088669294953,871,0.38940092165898615,434,0.0019472014517845982,-0.02001965598544958
0.6,3,5,0.03,0.0,5,10000000.0,11182512.983239572,0.1182512983239572,0.12562743733831394,0.5142477713402329,-0.5326088669294953,871,0.38940092165898615,434,0.0019472014517845982,-0.02001965598544958
0.65,2,2,0.03,0.0,5,10000000.0,10460648.096888624,0.04606480968886251,0.04883965217387809,0.46561797176490144,-0.6187534134669603,672,0.4,335,0.0014274122956355031,-0.016075134177520045
0.68,1,5,0.04,0.0,5,10000000.0,9922344.763860427,-0.007765523613957326,-0.008220436568960765,0.4312480480138558,-0.4681166143149159,219,0.3853211009174312,109,0.004033379090570116,-0.024665135029693364
0.62,3,5,0.03,0.0,5,10000000.0,10580197.323784016,0.05801973237840152,0.06153563412414309,0.42760367597896576,-0.5326088669294953,871,0.3870967741935484,434,0.001571130947341684,-0.020173898404248825
0.68,2,2,0.03,0.08,5,10000000.0,10542151.46157686,0.05421514615768608,0.057494289954232114,0.39665122785674434,-0.4296598388587398,550,0.4562043795620438,274,0.001617874820823261,-0.009242419764842635
0.65,3,2,0.03,0.0,5,10000000.0,10284994.720677126,0.028499472067712528,0.03020098256873549,0.39308535519140664,-0.5140699495494596,997,0.41448692152917505,497,0.0011086311730476132,-0.013269469940693335
0.62,3,3,0.03,0.0,5,10000000.0,10271343.274424741,0.027134327442474016,0.028753200570726944,0.3914367025607778,-0.5520497061992355,933,0.4021505376344086,465,0.0012893732949269847,-0.014974307845693646
0.68,3,3,0.03,0.08,5,10000000.0,10643546.369034877,0.06435463690348775,0.06826665284112465,0.3829465392168411,-0.40641223461211284,697,0.4553314121037464,347,0.001754697804982073,-0.009449384639603542
0.58,3,3,0.03,0.0,5,10000000.0,9782673.049230542,-0.02173269507694575,-0.022996278931760816,0.31848952297908506,-0.5520497061992355,935,0.4012875536480687,466,0.0009749182024791408,-0.015524721011606846
0.6,3,3,0.03,0.0,5,10000000.0,9782673.049230542,-0.02173269507694575,-0.022996278931760816,0.31848952297908506,-0.5520497061992355,935,0.4012875536480687,466,0.0009749182024791408,-0.015524721011606846
0.68,2,2,0.04,0.08,5,10000000.0,9978003.76252357,-0.0021996237476430425,-0.002328862600676329,0.31152601344434755,-0.4318929700777281,522,0.4653846153846154,260,0.0013292661389033896,-0.0060628957549686
0.68,3,5,0.03,0.08,5,10000000.0,10155472.047616526,0.015547204761652722,0.01646923725174565,0.2834474987420382,-0.41725654939347856,683,0.4470588235294118,340,0.0014557044175200911,-0.011909672570505958
0.68,3,3,0.04,0.08,5,10000000.0,9954758.10939503,-0.004524189060496897,-0.004789679501352784,0.2349133972505458,-0.32924146038051905,647,0.4472049689440994,322,0.0013452584470098074,-0.010601014222849758
0.7,3,5,0.03,0.0,5,10000000.0,10255307.79293009,0.025530779293009065,0.027052728151285343,0.23222773098148974,-0.1771954465252069,140,0.37142857142857144,70,0.0032040365102861852,-0.01537118612308147
0.7,2,5,0.04,0.0,5,10000000.0,10124895.707838614,0.012489570783861259,0.0132290902991401,0.2125305144311091,-0.21785976405888563,118,0.3389830508474576,59,0.0029710177452419544,-0.021873772621529453
0.65,3,2,0.04,0.0,5,10000000.0,8646679.105331868,-0.1353320894668132,-0.14269649918237315,0.1264289400402172,-0.608171344823289,935,0.4248927038626609,466,5.247694104059658e-05,-0.013115293295371533
0.7,3,3,0.04,0.0,5,10000000.0,9974718.60152409,-0.0025281398475909267,-0.0026766547552343756,0.12505408617991057,-0.17531381981709748,146,0.3835616438356164,73,0.0014670480549067867,-0.018239399448712668
0.62,3,2,0.04,0.0,5,10000000.0,8533402.148043396,-0.14665978519566036,-0.1545837752902942,0.1224304568725846,-0.616950287264713,959,0.4205020920502092,478,2.056057527611383e-05,-0.012879394603075967
0.58,3,2,0.04,0.0,5,10000000.0,8421297.430393154,-0.15787025696068457,-0.16633890170223986,0.10280794329819028,-0.616950287264713,961,0.4196242171189979,479,-5.866116144243282e-05,-0.012961116650049731
0.6,3,2,0.04,0.0,5,10000000.0,8421297.430393154,-0.15787025696068457,-0.16633890170223986,0.10280794329819028,-0.616950287264713,961,0.4196242171189979,479,-5.866116144243282e-05,-0.012961116650049731
0.68,2,5,0.04,0.08,5,10000000.0,8867987.710989056,-0.11320122890109441,-0.11944604951256776,0.09800249312947973,-0.4423779708303738,458,0.4342105263157895,228,0.0004025211313874635,-0.015902336368569192
0.65,3,3,0.03,0.0,5,10000000.0,8376992.611755637,-0.1623007388244363,-0.17098210563872096,0.08083723182326724,-0.5840770819177756,905,0.3924611973392461,451,-2.275885087314692e-05,-0.018239927092317365
0.68,3,5,0.04,0.08,5,10000000.0,9191573.002250735,-0.08084269977492653,-0.08538924903233136,0.07063898860042048,-0.3613639176049954,633,0.43174603174603177,315,0.0006513063581251017,-0.012961116650049731
0.58,2,5,0.04,0.0,5,10000000.0,7813973.112936981,-0.21860268870630195,-0.22985897201451044,0.037254411648191536,-0.5307525118713315,510,0.35826771653543305,254,-0.00032864110237324466,-0.02643478389923265
0.6,2,5,0.04,0.0,5,10000000.0,7813973.112936981,-0.21860268870630195,-0.22985897201451044,0.037254411648191536,-0.5307525118713315,510,0.35826771653543305,254,-0.00032864110237324466,-0.02643478389923265
0.62,2,5,0.04,0.0,5,10000000.0,7813973.112936981,-0.21860268870630195,-0.22985897201451044,0.037254411648191536,-0.5307525118713315,510,0.35826771653543305,254,-0.00032864110237324466,-0.02643478389923265
0.7,2,3,0.04,0.0,5,10000000.0,9397848.14017202,-0.06021518598279807,-0.06364214168301907,-0.011326387031669724,-0.216562095962882,126,0.36507936507936506,63,-0.00020476500898064786,-0.021873772621529453
0.68,2,3,0.04,0.08,5,10000000.0,8271686.086581174,-0.17283139134188252,-0.1820125599121024,-0.013595378302014863,-0.4361582641319893,482,0.44166666666666665,240,-0.0001096506566179184,-0.013115293295371533
0.7,3,3,0.04,0.08,5,10000000.0,9702411.573438011,-0.02975884265619888,-0.031481522660775196,-0.029279951674233466,-0.17670825037567928,158,0.43037974683544306,79,-0.00013017335704855313,-0.0101948489790743
0.68,2,3,0.03,0.08,5,10000000.0,8315240.213102048,-0.16847597868979514,-0.17745142808597147,-0.03057185447336609,-0.49358268547232986,524,0.4329501915708812,261,-8.530016139822806e-05,-0.012702153280418571
0.58,2,2,0.03,0.08,5,10000000.0,7358511.425386157,-0.2641488574613843,-0.2773066070087067,-0.04582809732730052,-0.5552722782150727,746,0.43548387096774194,372,-0.0003609866638141934,-0.009882378526446411
0.6,2,2,0.03,0.08,5,10000000.0,7358511.425386157,-0.2641488574613843,-0.2773066070087067,-0.04582809732730052,-0.5552722782150727,746,0.43548387096774194,372,-0.0003609866638141934,-0.009882378526446411
0.62,2,2,0.03,0.08,5,10000000.0,7358511.425386157,-0.2641488574613843,-0.2773066070087067,-0.04582809732730052,-0.5552722782150727,746,0.43548387096774194,372,-0.0003609866638141934,-0.009882378526446411
0.65,3,5,0.03,0.0,5,10000000.0,7828206.070167409,-0.21717939298325906,-0.22837358258744878,-0.05346628034763916,-0.5799893325760233,851,0.37264150943396224,424,-0.0005416510622252139,-0.0220971305901832
0.62,3,2,0.03,0.08,5,10000000.0,7756299.613009221,-0.2243700386990779,-0.23587630065918597,-0.062025202944418545,-0.5322591365370737,1117,0.4524236983842011,557,-0.00025413054337397383,-0.009183629236514168
0.58,3,2,0.03,0.08,5,10000000.0,7659591.861429319,-0.2340408138570681,-0.2459603286966251,-0.0821656269135968,-0.5322591365370737,1119,0.45161290322580644,558,-0.00032164402145557554,-0.009242419764842635
0.6,3,2,0.03,0.08,5,10000000.0,7659591.861429319,-0.2340408138570681,-0.2459603286966251,-0.0821656269135968,-0.5322591365370737,1119,0.45161290322580644,558,-0.00032164402145557554,-0.009242419764842635
0.7,3,5,0.04,0.08,5,10000000.0,9546200.070412964,-0.04537999295870365,-0.04798433880017905,-0.10424062813195326,-0.17077101570264974,154,0.4155844155844156,77,-0.0006642734775589558,-0.0101948489790743
0.7,3,5,0.03,0.08,5,10000000.0,9527938.93581331,-0.04720610641866907,-0.04991248718185182,-0.12239698802948154,-0.17670825037567905,156,0.4230769230769231,78,-0.0008683051784995094,-0.009972629383330323
0.58,2,2,0.04,0.08,5,10000000.0,6838700.395048073,-0.3161299604951927,-0.33124638753353997,-0.13388616715487683,-0.5854325362210636,694,0.4421965317919075,346,-0.000817811408459972,-0.009599897213594943
0.6,2,2,0.04,0.08,5,10000000.0,6838700.395048073,-0.3161299604951927,-0.33124638753353997,-0.13388616715487683,-0.5854325362210636,694,0.4421965317919075,346,-0.000817811408459972,-0.009599897213594943
0.62,2,2,0.04,0.08,5,10000000.0,6838700.395048073,-0.3161299604951927,-0.33124638753353997,-0.13388616715487683,-0.5854325362210636,694,0.4421965317919075,346,-0.000817811408459972,-0.009599897213594943
0.7,3,2,0.04,0.08,5,10000000.0,9518444.950667134,-0.048155504933286686,-0.050914847913885675,-0.14316353042334926,-0.15055256781739346,160,0.425,80,-0.0009011610556200839,-0.009972629383330323
0.68,2,5,0.03,0.08,5,10000000.0,7733198.66084002,-0.22668013391599806,-0.23828578704398218,-0.1635715755572815,-0.49160726522876586,516,0.42412451361867703,257,-0.0006058653423286767,-0.016396189582512988
0.58,2,5,0.03,0.0,5,10000000.0,6540791.0609570015,-0.3459208939042998,-0.36205241402367816,-0.18962499184421563,-0.6580713810024716,604,0.3554817275747508,301,-0.0015115449844462596,-0.021717716871923698
0.6,2,5,0.03,0.0,5,10000000.0,6540791.0609570015,-0.3459208939042998,-0.36205241402367816,-0.18962499184421563,-0.6580713810024716,604,0.3554817275747508,301,-0.0015115449844462596,-0.021717716871923698
0.62,2,5,0.03,0.0,5,10000000.0,6540791.0609570015,-0.3459208939042998,-0.36205241402367816,-0.18962499184421563,-0.6580713810024716,604,0.3554817275747508,301,-0.0015115449844462596,-0.021717716871923698
0.65,3,2,0.03,0.08,5,10000000.0,7223736.972754498,-0.27762630272455024,-0.2913140836234335,-0.19699138650069511,-0.5042592833250807,1081,0.4489795918367347,539,-0.0006924652240482932,-0.009418159703002082
0.7,3,3,0.03,0.08,5,10000000.0,9376337.266616076,-0.0623662733383924,-0.06591130528451061,-0.20126897049598444,-0.17670825037567905,156,0.4230769230769231,78,-0.0015416773110942235,-0.009972629383330323
0.7,3,3,0.03,0.0,5,10000000.0,9156984.812355094,-0.08430151876449066,-0.08903300894436272,-0.21384499935240067,-0.18173901616283883,146,0.3698630136986301,73,-0.002187597265822813,-0.01804021896574437
0.65,2,5,0.04,0.0,5,10000000.0,6531426.734700895,-0.3468573265299105,-0.363019436450315,-0.22418029043372936,-0.5788030554174016,504,0.3466135458167331,251,-0.001895564221460896,-0.02778343477560208
0.65,2,2,0.03,0.08,5,10000000.0,6535417.779814852,-0.3464582220185147,-0.36260730463170354,-0.2305891352864332,-0.5727450533717833,730,0.42857142857142855,364,-0.0010888850259262856,-0.01049185572098238
0.58,2,3,0.03,0.0,5,10000000.0,6235692.912703494,-0.3764307087296507,-0.393516325724778,-0.23252185125177882,-0.656087084966989,634,0.36075949367088606,316,-0.0017470881637914604,-0.02050999363851219
0.6,2,3,0.03,0.0,5,10000000.0,6235692.912703494,-0.3764307087296507,-0.393516325724778,-0.23252185125177882,-0.656087084966989,634,0.36075949367088606,316,-0.0017470881637914604,-0.02050999363851219
0.62,2,3,0.03,0.0,5,10000000.0,6235692.912703494,-0.3764307087296507,-0.393516325724778,-0.23252185125177882,-0.656087084966989,634,0.36075949367088606,316,-0.0017470881637914604,-0.02050999363851219
0.58,2,2,0.04,0.0,5,10000000.0,6166639.137219831,-0.38333608627801685,-0.4006252426392538,-0.23310868458063588,-0.707077656864332,638,0.39622641509433965,318,-0.001945888865557903,-0.016677725134398358
0.6,2,2,0.04,0.0,5,10000000.0,6166639.137219831,-0.38333608627801685,-0.4006252426392538,-0.23310868458063588,-0.707077656864332,638,0.39622641509433965,318,-0.001945888865557903,-0.016677725134398358
0.62,2,2,0.04,0.0,5,10000000.0,6166639.137219831,-0.38333608627801685,-0.4006252426392538,-0.23310868458063588,-0.707077656864332,638,0.39622641509433965,318,-0.001945888865557903,-0.016677725134398358
0.65,2,2,0.04,0.08,5,10000000.0,6396696.6920657465,-0.36033033079342536,-0.37692347169753926,-0.2446812794233592,-0.5854325362210636,682,0.43823529411764706,340,-0.0012981261494471763,-0.009832555065500292
0.68,1,3,0.04,0.0,5,10000000.0,5696294.617266215,-0.43037053827337846,-0.4489188853142474,-0.2485906510867298,-0.49210774765978427,237,0.3898305084745763,118,-0.0016802425368320595,-0.022509591649309102
0.7,3,2,0.04,0.0,5,10000000.0,9274399.583832476,-0.07256004161675234,-0.07666044896784396,-0.24862971169150844,-0.16659934702921686,152,0.39473684210526316,76,-0.0018665584961349963,-0.01160138685268225
0.7,3,2,0.03,0.0,5,10000000.0,9188038.54818502,-0.08119614518149798,-0.08576162999853021,-0.2944575089776071,-0.16239899067211883,150,0.41333333333333333,75,-0.002308906812401168,-0.010500620424945928
0.7,2,5,0.03,0.0,5,10000000.0,8567938.510943174,-0.14320614890568262,-0.15096050964576713,-0.2998666919760746,-0.25822321817623706,124,0.3225806451612903,62,-0.0028504435345210904,-0.022858959353822483
0.62,3,3,0.03,0.08,5,10000000.0,6786890.766369882,-0.3213109233630118,-0.3366096569633077,-0.30044353801267765,-0.5997930753384711,1045,0.43186180422264875,521,-0.0010515554257651653,-0.012441348938965202
0.58,1,5,0.04,0.0,5,10000000.0,4872315.554460202,-0.5127684445539797,-0.5329462084021622,-0.30801865541691803,-0.5608422918891494,251,0.32,125,-0.0017391717869950165,-0.0301821807305358
0.6,1,5,0.04,0.0,5,10000000.0,4872315.554460202,-0.5127684445539797,-0.5329462084021622,-0.30801865541691803,-0.5608422918891494,251,0.32,125,-0.0017391717869950165,-0.0301821807305358
0.62,1,5,0.04,0.0,5,10000000.0,4872315.554460202,-0.5127684445539797,-0.5329462084021622,-0.30801865541691803,-0.5608422918891494,251,0.32,125,-0.0017391717869950165,-0.0301821807305358
0.65,3,3,0.04,0.0,5,10000000.0,6511772.022474415,-0.34882279775255853,-0.3650488470203941,-0.3164654193146834,-0.5688322446971859,807,0.38308457711442784,402,-0.001861113032176735,-0.02347737729124133
0.58,3,3,0.03,0.08,5,10000000.0,6702269.880253882,-0.32977301197461184,-0.34536432171813647,-0.32134385704090745,-0.5997930753384711,1047,0.43103448275862066,522,-0.0011221973719091163,-0.012463849705678764
0.6,3,3,0.03,0.08,5,10000000.0,6702269.880253882,-0.32977301197461184,-0.34536432171813647,-0.32134385704090745,-0.5997930753384711,1047,0.43103448275862066,522,-0.0011221973719091163,-0.012463849705678764
0.65,1,5,0.04,0.0,5,10000000.0,4693985.480282532,-0.5306014519717468,-0.5510265416574098,-0.3476299423320507,-0.5608422918891494,251,0.32,125,-0.0020315063527315278,-0.03205834391868123
0.65,2,5,0.03,0.0,5,10000000.0,5825788.992889117,-0.4174211007110883,-0.43564537448153784,-0.3586068112744409,-0.6727439407317157,592,0.34576271186440677,295,-0.0023587926048824898,-0.02308751237887674
0.7,3,2,0.03,0.08,5,10000000.0,9114895.342262058,-0.08851046577379429,-0.09346591357159406,-0.37354530501990435,-0.16125688926572557,158,0.4430379746835443,79,-0.0026697260537652985,-0.009750409787586345
0.62,3,3,0.04,0.0,5,10000000.0,6176533.459009157,-0.3823466540990843,-0.39960693263099134,-0.3817554171185992,-0.5994143216484865,829,0.38498789346246975,413,-0.002152624899662387,-0.022602021823535323
0.65,2,3,0.03,0.0,5,10000000.0,5554042.43849206,-0.44459575615079405,-0.4634796425244915,-0.39812329436690624,-0.6708447931760138,622,0.35161290322580646,310,-0.00255789883187133,-0.02215986934772951
0.58,3,3,0.04,0.0,5,10000000.0,6095550.015835435,-0.3904449984164565,-0.4079388026937443,-0.4017753568465297,-0.5994143216484865,831,0.38405797101449274,414,-0.0022390355914818196,-0.02284476710120603
0.6,3,3,0.04,0.0,5,10000000.0,6095550.015835435,-0.3904449984164565,-0.4079388026937443,-0.4017753568465297,-0.5994143216484865,831,0.38405797101449274,414,-0.0022390355914818196,-0.02284476710120603
0.65,2,2,0.04,0.0,5,10000000.0,5466207.546993327,-0.4533792453006673,-0.4724593998726784,-0.40246075891462757,-0.7211714819282591,628,0.38977635782747605,313,-0.0027696825687124416,-0.019196281125663184
0.7,2,3,0.03,0.0,5,10000000.0,8242029.835800935,-0.17579701641990653,-0.1851174524248953,-0.4221141875588834,-0.24222880347453202,128,0.34375,64,-0.004568616519679065,-0.019646091563332135
0.62,3,5,0.03,0.08,5,10000000.0,6231418.700510063,-0.3768581299489937,-0.39395648038108577,-0.4508516106668798,-0.6154098249586678,1013,0.4178217821782178,505,-0.0015907904471455056,-0.01376118557906536
0.68,1,2,0.04,0.08,5,10000000.0,4671780.982787194,-0.5328219017212806,-0.5532749901411925,-0.45199726229999254,-0.5968987629309805,303,0.4304635761589404,151,-0.003096805021223432,-0.012961116650049731
0.68,1,2,0.04,0.0,5,10000000.0,4787691.275479835,-0.5212308724520165,-0.5415309441302634,-0.4551083331473174,-0.5850935946505399,273,0.4117647058823529,136,-0.0030614904791763033,-0.015582681213641092
0.68,1,5,0.03,0.0,5,10000000.0,4688606.951243612,-0.5311393048756388,-0.5515712341453423,-0.46749425048027293,-0.6869544359064453,263,0.3816793893129771,131,-0.002733009891498158,-0.020715630885122294
0.58,3,5,0.03,0.08,5,10000000.0,6153723.5982388025,-0.3846276401761197,-0.4019543475445012,-0.472089930083196,-0.6154098249586678,1015,0.41699604743083,506,-0.0016626004488564977,-0.013939772393577798
0.6,3,5,0.03,0.08,5,10000000.0,6153723.5982388025,-0.3846276401761197,-0.4019543475445012,-0.472089930083196,-0.6154098249586678,1015,0.41699604743083,506,-0.0016626004488564977,-0.013939772393577798
0.7,2,2,0.04,0.08,5,10000000.0,8329858.572784098,-0.1670141427215902,-0.17592022983995637,-0.4925280442193469,-0.2186603908894429,144,0.3888888888888889,72,-0.0039356732737932405,-0.01160138685268225
0.7,1,5,0.04,0.0,5,10000000.0,6696861.307674928,-0.3303138692325073,-0.3459236589060849,-0.49291303479967896,-0.34890987102197746,76,0.2631578947368421,38,-0.0055431627658919895,-0.03662062341143596
0.7,2,3,0.04,0.08,5,10000000.0,8253899.185475389,-0.17461008145246115,-0.18387485706171303,-0.49591435778871346,-0.2437367834350319,138,0.391304347826087,69,-0.004274319869667713,-0.021052783677951603
0.62,3,2,0.04,0.08,5,10000000.0,5930325.198715107,-0.4069674801284894,-0.42491745469217634,-0.4995889024950163,-0.6326357608128395,1047,0.43103448275862066,522,-0.001826433435567792,-0.010670312384749747
0.58,3,2,0.04,0.08,5,10000000.0,5856384.215937254,-0.41436157840627463,-0.43250673443278476,-0.5202546185050992,-0.6326357608128395,1049,0.43021032504780116,523,-0.001895458708755822,-0.010788862462890458
0.6,3,2,0.04,0.08,5,10000000.0,5856384.215937254,-0.41436157840627463,-0.43250673443278476,-0.5202546185050992,-0.6326357608128395,1049,0.43021032504780116,523,-0.001895458708755822,-0.010788862462890458
0.58,2,3,0.04,0.0,5,10000000.0,5003115.095593946,-0.49968849044060537,-0.5196599950673344,-0.5399943762355391,-0.6643264814180767,562,0.35,280,-0.0035381725859761556,-0.02702444308250701
0.6,2,3,0.04,0.0,5,10000000.0,5003115.095593946,-0.49968849044060537,-0.5196599950673344,-0.5399943762355391,-0.6643264814180767,562,0.35,280,-0.0035381725859761556,-0.02702444308250701
0.62,2,3,0.04,0.0,5,10000000.0,5003115.095593946,-0.49968849044060537,-0.5196599950673344,-0.5399943762355391,-0.6643264814180767,562,0.35,280,-0.0035381725859761556,-0.02702444308250701
0.65,3,2,0.04,0.08,5,10000000.0,5809926.83137989,-0.419007316862011,-0.43727222810802113,-0.5438511718948185,-0.6071407075832097,1011,0.4305555555555556,504,-0.0020451329451602186,-0.010799783801187013
0.65,3,3,0.03,0.08,5,10000000.0,5809867.500172483,-0.4190132499827517,-0.4372783127401425,-0.5853190043242745,-0.6004469455929677,1013,0.42574257425742573,505,-0.0020481467688281906,-0.012702153280418571
0.68,1,3,0.04,0.08,5,10000000.0,4266808.001792648,-0.5733191998207352,-0.5941697087289746,-0.5870550283886491,-0.5733191998207352,279,0.4244604316546763,139,-0.0040600844107439565,-0.019246608002080667
0.7,2,2,0.03,0.08,5,10000000.0,8086015.641108368,-0.19139843588916328,-0.20144064957472807,-0.6054679539673596,-0.24652998452685948,142,0.4084507042253521,71,-0.004937849448669054,-0.010500620424945928
0.7,2,2,0.04,0.0,5,10000000.0,7980881.856401894,-0.20191181435981054,-0.21242999216407543,-0.606233311552754,-0.24393444870147996,138,0.34782608695652173,69,-0.005051702337604761,-0.019196281125663184
0.7,2,2,0.03,0.0,5,10000000.0,7882991.110476658,-0.2117008889523342,-0.22265458917852976,-0.6505213836362824,-0.24700074062416333,136,0.36764705882352944,68,-0.005586426860567005,-0.018717840287187926
0.68,1,2,0.03,0.0,5,10000000.0,3995646.791634114,-0.6004353208365887,-0.6214257794486991,-0.651631203661847,-0.6408455349918019,289,0.4166666666666667,144,-0.0040737974677599546,-0.01801332300855396
0.7,2,5,0.03,0.08,5,10000000.0,7903268.635486918,-0.20967313645130825,-0.22053723085257015,-0.6701852400360867,-0.2681321424090165,138,0.37681159420289856,69,-0.0056766664265872945,-0.01804021896574437
0.7,2,5,0.04,0.08,5,10000000.0,7845377.754410423,-0.2154622245589577,-0.2265812883231647,-0.6703778587115369,-0.2650707573235138,132,0.36363636363636365,66,-0.0060053833590987885,-0.021463278149740528
0.65,2,3,0.04,0.0,5,10000000.0,4524982.871230978,-0.5475017128769022,-0.5681239580623028,-0.6901709616773891,-0.6739827084054395,552,0.3418181818181818,275,-0.004392327764297949,-0.02778343477560208
0.58,2,5,0.04,0.08,5,10000000.0,4689865.624935146,-0.5310134375064853,-0.5514437694817385,-0.7029174861886903,-0.6379993551457399,598,0.40939597315436244,298,-0.0034594418312804418,-0.020620995750882387
0.6,2,5,0.04,0.08,5,10000000.0,4689865.624935146,-0.5310134375064853,-0.5514437694817385,-0.7029174861886903,-0.6379993551457399,598,0.40939597315436244,298,-0.0034594418312804418,-0.020620995750882387
0.62,2,5,0.04,0.08,5,10000000.0,4689865.624935146,-0.5310134375064853,-0.5514437694817385,-0.7029174861886903,-0.6379993551457399,598,0.40939597315436244,298,-0.0034594418312804418,-0.020620995750882387
0.62,3,3,0.04,0.08,5,10000000.0,5291426.436590049,-0.470857356340995,-0.49030269526283554,-0.7077040659215975,-0.5980501604005853,937,0.42398286937901497,467,-0.002767384042145414,-0.014987124188930556
0.7,2,3,0.03,0.08,5,10000000.0,7811147.176763286,-0.21888528232367144,-0.23015387533337017,-0.7128549589205887,-0.2766628830106318,138,0.37681159420289856,69,-0.006052135642695717,-0.01804021896574437
0.58,3,3,0.04,0.08,5,10000000.0,5225451.425455255,-0.47745485745447447,-0.49702909560352737,-0.7289367191429524,-0.5980501604005853,939,0.4230769230769231,468,-0.002842510681612855,-0.015514952468796805
0.6,3,3,0.04,0.08,5,10000000.0,5225451.425455255,-0.47745485745447447,-0.49702909560352737,-0.7289367191429524,-0.5980501604005853,939,0.4230769230769231,468,-0.002842510681612855,-0.015514952468796805
0.65,3,5,0.03,0.08,5,10000000.0,5339820.637482364,-0.4660179362517636,-0.4853655835520093,-0.7420788596098478,-0.6162846643248768,981,0.4110429447852761,489,-0.00263763377759318,-0.014974307845693646
0.58,2,3,0.04,0.08,5,10000000.0,4457966.647004211,-0.5542033352995789,-0.5748934427181005,-0.764968024840867,-0.6234233649305588,630,0.4171974522292994,314,-0.0036255151111451254,-0.018551979080374648
0.6,2,3,0.04,0.08,5,10000000.0,4457966.647004211,-0.5542033352995789,-0.5748934427181005,-0.764968024840867,-0.6234233649305588,630,0.4171974522292994,314,-0.0036255151111451254,-0.018551979080374648
0.62,2,3,0.04,0.08,5,10000000.0,4457966.647004211,-0.5542033352995789,-0.5748934427181005,-0.764968024840867,-0.6234233649305588,630,0.4171974522292994,314,-0.0036255151111451254,-0.018551979080374648
0.58,1,2,0.04,0.08,5,10000000.0,3173802.9277400873,-0.6826197072259912,-0.703338539596829,-0.7826364261165455,-0.7145940756688879,353,0.4090909090909091,176,-0.004557458837963203,-0.014736163332600305
0.6,1,2,0.04,0.08,5,10000000.0,3173802.9277400873,-0.6826197072259912,-0.703338539596829,-0.7826364261165455,-0.7145940756688879,353,0.4090909090909091,176,-0.004557458837963203,-0.014736163332600305
0.62,1,2,0.04,0.08,5,10000000.0,3173802.9277400873,-0.6826197072259912,-0.703338539596829,-0.7826364261165455,-0.7145940756688879,353,0.4090909090909091,176,-0.004557458837963203,-0.014736163332600305
0.68,1,5,0.04,0.08,5,10000000.0,3623679.617825923,-0.6376320382174077,-0.6586362285020062,-0.8005290615773856,-0.6621132103276415,265,0.4166666666666667,132,-0.005541993300658443,-0.02088420728153695
0.68,1,2,0.03,0.08,5,10000000.0,3445814.2859528223,-0.6554185714047178,-0.6763513932885588,-0.8047197920593341,-0.6659966046092167,323,0.4161490683229814,161,-0.004741039776421386,-0.019196281125663184
0.7,1,3,0.04,0.0,5,10000000.0,5639979.546009449,-0.43600204539905507,-0.4546858144349526,-0.8089862802532579,-0.4915432376932065,88,0.3181818181818182,44,-0.009779778976132643,-0.02993842500047944
0.65,1,2,0.04,0.08,5,10000000.0,3057639.5747710695,-0.6942360425228931,-0.7148227372729209,-0.8215901309640574,-0.7145940756688879,353,0.4090909090909091,176,-0.0047650828193101565,-0.01598384701040395
0.65,2,5,0.04,0.08,5,10000000.0,4386746.92504125,-0.5613253074958751,-0.5820809732466699,-0.8306798859055214,-0.6379993551457399,586,0.4041095890410959,292,-0.004072992497282401,-0.021383491900294205
0.62,3,5,0.04,0.0,5,10000000.0,4841988.096970027,-0.5158011903029973,-0.5360238029986766,-0.850308205284484,-0.6648511150703499,757,0.3660477453580902,377,-0.004573047513528021,-0.02505250206826326
0.58,1,2,0.04,0.0,5,10000000.0,2899471.942200298,-0.7100528057799702,-0.7304181737191007,-0.8608921120902948,-0.7149069118493425,319,0.389937106918239,159,-0.005421861988694083,-0.016830364891444738
0.6,1,2,0.04,0.0,5,10000000.0,2899471.942200298,-0.7100528057799702,-0.7304181737191007,-0.8608921120902948,-0.7149069118493425,319,0.389937106918239,159,-0.005421861988694083,-0.016830364891444738
0.62,1,2,0.04,0.0,5,10000000.0,2899471.942200298,-0.7100528057799702,-0.7304181737191007,-0.8608921120902948,-0.7149069118493425,319,0.389937106918239,159,-0.005421861988694083,-0.016830364891444738
0.65,3,5,0.04,0.0,5,10000000.0,4834949.0289142225,-0.5165050971085777,-0.536737957459035,-0.8639865349516797,-0.6583334765168044,741,0.36314363143631434,369,-0.0047306934853665675,-0.025458834763315563
0.58,3,5,0.04,0.0,5,10000000.0,4778502.507439727,-0.5221497492560273,-0.5424625671945484,-0.8718006717318483,-0.6648511150703499,759,0.36507936507936506,378,-0.004661284560616327,-0.025224112505896068
0.6,3,5,0.04,0.0,5,10000000.0,4778502.507439727,-0.5221497492560273,-0.5424625671945484,-0.8718006717318483,-0.6648511150703499,759,0.36507936507936506,378,-0.004661284560616327,-0.025224112505896068
0.58,2,3,0.03,0.08,5,10000000.0,4149577.766856281,-0.585042223314372,-0.6059661339835792,-0.8902197553390091,-0.7023612437823246,704,0.4017094017094017,351,-0.0036580853655906963,-0.016830364891444738
0.6,2,3,0.03,0.08,5,10000000.0,4149577.766856281,-0.585042223314372,-0.6059661339835792,-0.8902197553390091,-0.7023612437823246,704,0.4017094017094017,351,-0.0036580853655906963,-0.016830364891444738
0.62,2,3,0.03,0.08,5,10000000.0,4149577.766856281,-0.585042223314372,-0.6059661339835792,-0.8902197553390091,-0.7023612437823246,704,0.4017094017094017,351,-0.0036580853655906963,-0.016830364891444738
0.65,2,3,0.04,0.08,5,10000000.0,4169836.205264967,-0.5830163794735033,-0.6039289912873531,-0.8931620664003154,-0.6234233649305588,618,0.41233766233766234,308,-0.004210428209040451,-0.01955704444637102
0.65,1,2,0.04,0.0,5,10000000.0,2793349.290506418,-0.7206650709493583,-0.7408540792751654,-0.8994328698015024,-0.7253415134241333,319,0.389937106918239,159,-0.005651684760499517,-0.019196281125663184
0.58,1,5,0.03,0.0,5,10000000.0,2836946.1017057393,-0.716305389829426,-0.7365696223091005,-0.9014066376760218,-0.7500511558586689,307,0.35294117647058826,153,-0.005404008095026194,-0.020715630885122294
0.6,1,5,0.03,0.0,5,10000000.0,2836946.1017057393,-0.716305389829426,-0.7365696223091005,-0.9014066376760218,-0.7500511558586689,307,0.35294117647058826,153,-0.005404008095026194,-0.020715630885122294
0.62,1,5,0.03,0.0,5,10000000.0,2836946.1017057393,-0.716305389829426,-0.7365696223091005,-0.9014066376760218,-0.7500511558586689,307,0.35294117647058826,153,-0.005404008095026194,-0.020715630885122294
0.65,3,3,0.04,0.08,5,10000000.0,4834448.166396175,-0.5165551833603825,-0.5367887705496235,-0.9109636229120809,-0.6056545380494832,917,0.41575492341356673,457,-0.003448476277142313,-0.016830364891444738
0.58,1,3,0.04,0.0,5,10000000.0,2693710.394778891,-0.7306289605221109,-0.7506311906260067,-0.9492339524693221,-0.7306289605221109,275,0.3357664233576642,137,-0.006532319391748761,-0.029056620986713022
0.6,1,3,0.04,0.0,5,10000000.0,2693710.394778891,-0.7306289605221109,-0.7506311906260067,-0.9492339524693221,-0.7306289605221109,275,0.3357664233576642,137,-0.006532319391748761,-0.029056620986713022
0.62,1,3,0.04,0.0,5,10000000.0,2693710.394778891,-0.7306289605221109,-0.7506311906260067,-0.9492339524693221,-0.7306289605221109,275,0.3357664233576642,137,-0.006532319391748761,-0.029056620986713022
0.58,2,5,0.03,0.08,5,10000000.0,4009239.920038719,-0.5990760079961281,-0.6200619804855447,-0.9581359240890494,-0.6996168916586007,692,0.39420289855072466,345,-0.0038545405544331635,-0.019246608002080667
0.6,2,5,0.03,0.08,5,10000000.0,4009239.920038719,-0.5990760079961281,-0.6200619804855447,-0.9581359240890494,-0.6996168916586007,692,0.39420289855072466,345,-0.0038545405544331635,-0.019246608002080667
0.62,2,5,0.03,0.08,5,10000000.0,4009239.920038719,-0.5990760079961281,-0.6200619804855447,-0.9581359240890494,-0.6996168916586007,692,0.39420289855072466,345,-0.0038545405544331635,-0.019246608002080667
0.62,3,5,0.04,0.08,5,10000000.0,4653854.829795767,-0.5346145170204233,-0.5550897509852766,-0.964941789053541,-0.6423362388977225,889,0.4018058690744921,443,-0.0038226907241985897,-0.02052636061664248
0.65,1,5,0.03,0.0,5,10000000.0,2669922.9598233495,-0.733007704017665,-0.7529622283411341,-0.9652216246990113,-0.7558299210625407,305,0.34868421052631576,152,-0.005835671225457038,-0.025157728395840018
0.58,3,5,0.04,0.08,5,10000000.0,4595829.242953563,-0.5404170757046437,-0.560961166083485,-0.9870625074032862,-0.6423362388977225,891,0.4009009009009009,444,-0.0038995014462452314,-0.020620995750882387
0.6,3,5,0.04,0.08,5,10000000.0,4595829.242953563,-0.5404170757046437,-0.560961166083485,-0.9870625074032862,-0.6423362388977225,891,0.4009009009009009,444,-0.0038995014462452314,-0.020620995750882387
0.65,1,3,0.04,0.0,5,10000000.0,2595118.7561330036,-0.7404881243866996,-0.7602846208262444,-0.9878454092630372,-0.7404881243866996,275,0.3357664233576642,137,-0.00679904801012149,-0.029105387299280694
0.68,1,3,0.03,0.0,5,10000000.0,2861199.913560488,-0.7138800086439512,-0.7341844088279974,-1.0877375275146992,-0.7317104708133624,275,0.3795620437956204,137,-0.0066089309762239765,-0.021052783677951603
0.68,1,3,0.03,0.08,5,10000000.0,2746632.013074258,-0.7253367986925743,-0.7454408330818236,-1.0906920956753445,-0.7253367986925743,311,0.4129032258064516,155,-0.006425121564296029,-0.020198288383580287
0.68,1,5,0.03,0.08,5,10000000.0,2776709.562700225,-0.7223290437299774,-0.7424883074530779,-1.09290136101568,-0.7223290437299774,305,0.40789473684210525,152,-0.006478901324928227,-0.02025132238774119
0.65,2,3,0.03,0.08,5,10000000.0,3685422.6009187447,-0.6314577399081256,-0.65247460352855,-1.1002689667355978,-0.7140550843291691,688,0.3935860058309038,343,-0.0045074491948123106,-0.018239927092317365
0.65,3,5,0.04,0.08,5,10000000.0,4350216.134288151,-0.5649783865711849,-0.5857650236012901,-1.1250197755654772,-0.6409922827665913,869,0.3972286374133949,433,-0.004385376382183175,-0.020715630885122294
0.7,1,5,0.03,0.0,5,10000000.0,4875430.10474633,-0.512456989525367,-0.532630083586627,-1.1398531235657376,-0.512456989525367,84,0.2619047619047619,42,-0.012782543138745137,-0.03773768716356557
0.7,1,3,0.04,0.08,5,10000000.0,5028817.2763729375,-0.4971182723627062,-0.5170468270671829,-1.1493178083553504,-0.5211617973743801,96,0.3541666666666667,48,-0.012068369174190003,-0.02688526116448703
0.65,2,5,0.03,0.08,5,10000000.0,3560782.384134096,-0.6439217615865904,-0.6649066939316429,-1.1725343742664267,-0.7147821427457861,676,0.3857566765578635,337,-0.004723690212990295,-0.020198288383580287
0.58,1,3,0.04,0.08,5,10000000.0,2277494.9404793363,-0.7722505059520663,-0.7912335056346647,-1.1955343586343878,-0.7722505059520663,323,0.38509316770186336,161,-0.007093176412722883,-0.023700412116765546
0.6,1,3,0.04,0.08,5,10000000.0,2277494.9404793363,-0.7722505059520663,-0.7912335056346647,-1.1955343586343878,-0.7722505059520663,323,0.38509316770186336,161,-0.007093176412722883,-0.023700412116765546
0.62,1,3,0.04,0.08,5,10000000.0,2277494.9404793363,-0.7722505059520663,-0.7912335056346647,-1.1955343586343878,-0.7722505059520663,323,0.38509316770186336,161,-0.007093176412722883,-0.023700412116765546
0.58,1,2,0.03,0.08,5,10000000.0,2211659.883945567,-0.7788340116054433,-0.7976177776241022,-1.2004599770614321,-0.7812921120333752,377,0.39893617021276595,188,-0.00617044350076455,-0.01753514599188105
0.6,1,2,0.03,0.08,5,10000000.0,2211659.883945567,-0.7788340116054433,-0.7976177776241022,-1.2004599770614321,-0.7812921120333752,377,0.39893617021276595,188,-0.00617044350076455,-0.01753514599188105
0.62,1,2,0.03,0.08,5,10000000.0,2211659.883945567,-0.7788340116054433,-0.7976177776241022,-1.2004599770614321,-0.7812921120333752,377,0.39893617021276595,188,-0.00617044350076455,-0.01753514599188105
0.58,1,2,0.03,0.0,5,10000000.0,2203044.0971111464,-0.7796955902888854,-0.7984524628475804,-1.217549849103819,-0.7796955902888854,343,0.391812865497076,171,-0.006722478272849567,-0.015137329129363164
0.6,1,2,0.03,0.0,5,10000000.0,2203044.0971111464,-0.7796955902888854,-0.7984524628475804,-1.217549849103819,-0.7796955902888854,343,0.391812865497076,171,-0.006722478272849567,-0.015137329129363164
0.62,1,2,0.03,0.0,5,10000000.0,2203044.0971111464,-0.7796955902888854,-0.7984524628475804,-1.217549849103819,-0.7796955902888854,343,0.391812865497076,171,-0.006722478272849567,-0.015137329129363164
0.65,1,3,0.04,0.08,5,10000000.0,2194137.0714876307,-0.7805862928512369,-0.7993151610211712,-1.2349365733999749,-0.7805862928512369,323,0.38509316770186336,161,-0.007320144243263654,-0.023925598532486547
0.58,1,5,0.04,0.08,5,10000000.0,2173080.6059406907,-0.782691939405931,-0.8013537839128605,-1.2579712438933706,-0.7855928493760793,305,0.375,152,-0.007836566394765548,-0.02503042898661112
0.6,1,5,0.04,0.08,5,10000000.0,2173080.6059406907,-0.782691939405931,-0.8013537839128605,-1.2579712438933706,-0.7855928493760793,305,0.375,152,-0.007836566394765548,-0.02503042898661112
0.62,1,5,0.04,0.08,5,10000000.0,2173080.6059406907,-0.782691939405931,-0.8013537839128605,-1.2579712438933706,-0.7855928493760793,305,0.375,152,-0.007836566394765548,-0.02503042898661112
0.7,1,5,0.04,0.08,5,10000000.0,4874553.183345718,-0.5125446816654282,-0.5327190917366558,-1.262822124717125,-0.5125446816654282,88,0.3181818181818182,44,-0.01406310378535622,-0.02688526116448703
0.65,1,2,0.03,0.08,5,10000000.0,2081450.014124733,-0.7918549985875267,-0.8102115113778771,-1.2645120230674183,-0.7918549985875267,375,0.39572192513368987,187,-0.006525412651733676,-0.019196281125663184
0.65,1,2,0.03,0.0,5,10000000.0,2073341.4754844212,-0.7926658524515579,-0.810994256251312,-1.282066603281118,-0.7926658524515579,341,0.38823529411764707,170,-0.007116191602280812,-0.01801332300855396
0.65,1,5,0.04,0.08,5,10000000.0,2093544.3728457913,-0.7906455627154209,-0.8090436685714608,-1.2974696886850356,-0.7906455627154209,305,0.375,152,-0.00807697311000939,-0.02585429859314886
0.7,1,3,0.03,0.0,5,10000000.0,4417362.853236546,-0.5582637146763454,-0.5789920328952067,-1.3369519789909723,-0.5751126103577524,92,0.30434782608695654,46,-0.01500612791615245,-0.03141490331017971
0.7,1,2,0.03,0.08,5,10000000.0,4466123.980590723,-0.5533876019409276,-0.5740697672058499,-1.4937131593787512,-0.5712874610545168,102,0.37254901960784315,51,-0.013837802591146755,-0.024665135029693364
0.7,1,3,0.03,0.08,5,10000000.0,4320056.372713119,-0.5679943627286881,-0.5888051991366889,-1.5303397269160484,-0.5789245786932796,98,0.3469387755102041,49,-0.01507316649159996,-0.029105387299280694
0.58,1,3,0.03,0.0,5,10000000.0,1642310.7050628802,-0.835768929493712,-0.8523254565349567,-1.5318272699510187,-0.835768929493712,321,0.35,160,-0.008909849477633059,-0.0221788834269665
0.6,1,3,0.03,0.0,5,10000000.0,1642310.7050628802,-0.835768929493712,-0.8523254565349567,-1.5318272699510187,-0.835768929493712,321,0.35,160,-0.008909849477633059,-0.0221788834269665
0.62,1,3,0.03,0.0,5,10000000.0,1642310.7050628802,-0.835768929493712,-0.8523254565349567,-1.5318272699510187,-0.835768929493712,321,0.35,160,-0.008909849477633059,-0.0221788834269665
0.58,1,5,0.03,0.08,5,10000000.0,1670957.7371620105,-0.8329042262837989,-0.8495966353787399,-1.5670721179658416,-0.8332881196999902,351,0.38285714285714284,175,-0.008283634303624568,-0.02030435639190209
0.6,1,5,0.03,0.08,5,10000000.0,1670957.7371620105,-0.8329042262837989,-0.8495966353787399,-1.5670721179658416,-0.8332881196999902,351,0.38285714285714284,175,-0.008283634303624568,-0.02030435639190209
0.62,1,5,0.03,0.08,5,10000000.0,1670957.7371620105,-0.8329042262837989,-0.8495966353787399,-1.5670721179658416,-0.8332881196999902,351,0.38285714285714284,175,-0.008283634303624568,-0.02030435639190209
0.7,1,2,0.04,0.08,5,10000000.0,4250960.226446136,-0.5749039773553863,-0.5957655355057369,-1.5816711863775843,-0.6013654736868574,98,0.32653061224489793,49,-0.015397923925249891,-0.022164276401564376
0.65,1,3,0.03,0.0,5,10000000.0,1545620.8547545655,-0.8454379145245434,-0.8615148698182773,-1.5956220414477704,-0.8454379145245434,319,0.34591194968553457,159,-0.009344557887746867,-0.024665135029693364
0.58,1,3,0.03,0.08,5,10000000.0,1567961.3386128645,-0.8432038661387136,-0.8593945562621361,-1.619682943220675,-0.8435640966947288,359,0.3854748603351955,179,-0.00844748756501089,-0.02030435639190209
0.6,1,3,0.03,0.08,5,10000000.0,1567961.3386128645,-0.8432038661387136,-0.8593945562621361,-1.619682943220675,-0.8435640966947288,359,0.3854748603351955,179,-0.00844748756501089,-0.02030435639190209
0.62,1,3,0.03,0.08,5,10000000.0,1567961.3386128645,-0.8432038661387136,-0.8593945562621361,-1.619682943220675,-0.8435640966947288,359,0.3854748603351955,179,-0.00844748756501089,-0.02030435639190209
0.65,1,5,0.03,0.08,5,10000000.0,1572581.3136389542,-0.8427418686361046,-0.8589558562998045,-1.6321129051504317,-0.8427418686361046,349,0.3793103448275862,174,-0.00867726891301587,-0.02088420728153695
0.7,1,5,0.03,0.08,5,10000000.0,4098365.0525481105,-0.590163494745189,-0.6111133539965257,-1.6801208383286674,-0.6005328073794016,96,0.3333333333333333,48,-0.0165141204620191,-0.02993842500047944
0.65,1,3,0.03,0.08,5,10000000.0,1475648.753270559,-0.8524351246729441,-0.8681440773513801,-1.6841923769154976,-0.8524351246729441,357,0.38202247191011235,178,-0.008833196976783211,-0.02088420728153695
0.7,1,2,0.03,0.0,5,10000000.0,3843192.2075700522,-0.6156807792429948,-0.6367026508500926,-1.766276083389254,-0.6156807792429948,96,0.3333333333333333,48,-0.017734035860777618,-0.027377854530633683
0.7,1,2,0.04,0.0,5,10000000.0,3661920.161619629,-0.633807983838037,-0.6548207447355227,-1.8751862586061483,-0.6387755691560497,92,0.2826086956521739,46,-0.019541017121578817,-0.02688526116448703
