date,cash,market_value,total_value
2024-01-08,10000000.0,0.0,10000000.0
2024-01-09,10000000.0,0.0,10000000.0
2024-01-10,-4.656612873077393e-10,10104731.521541437,10104731.521541437
2024-01-11,-4.656612873077393e-10,10048611.133851608,10048611.133851608
2024-01-12,6548089.7182431985,3306542.0085985926,9854631.72684179
2024-01-15,6527464.578775762,3233435.613730164,9760900.192505926
2024-01-16,3263732.2893878813,6648300.012840967,9912032.302228848
2024-01-17,6345526.565102367,3412035.941015836,9757562.506118203
2024-01-18,6479605.833059514,3195749.67901898,9675355.512078494
2024-01-19,6363184.3286238555,3467801.573502646,9830985.902126502
2024-01-22,3181592.1643119277,6504488.352163106,9686080.516475033
2024-01-23,9.313225746154785e-10,10322628.199852562,10322628.199852563
2024-01-24,0.0,10682606.3962235,10682606.3962235
2024-01-25,0.0,11359676.81405975,11359676.81405975
2024-01-26,0.0,11006364.230372194,11006364.230372194
2024-01-29,7065756.386159362,3642541.858544694,10708298.244704057
2024-01-30,-9.313225746154785e-10,9962822.80368452,9962822.803684518
2024-01-31,-4.656612873077393e-10,9834987.786854632,9834987.786854632
2024-02-01,3213157.584196294,6421468.402672699,9634625.986868992
2024-02-02,0.0,9405361.904619403,9405361.904619403
2024-02-05,3059840.005796568,5573236.478447646,8633076.484244214
2024-02-06,8912912.115344027,0.0,8912912.115344027
2024-02-07,2970970.7051146757,6184140.356535321,9155111.061649997
2024-02-08,6208128.057168623,3133759.9995614598,9341888.056730084
2024-02-19,3129101.6227726433,6349906.635957981,9479008.258730624
2024-02-20,0.0,9528419.4506169,9528419.4506169
2024-02-21,3203472.662135142,6745967.684190154,9949440.346325297
2024-02-22,0.0,10331636.063539727,10331636.063539727
2024-02-23,-4.656612873077393e-10,10511615.228144057,10511615.228144057
2024-02-26,6664603.308324158,3872913.9664459703,10537517.27477013
2024-02-27,3559851.8947658283,7312300.72039895,10872152.61516478
2024-02-28,6900944.577085153,3125407.8409992154,10026352.418084368
2024-02-29,0.0,10528599.776031578,10528599.776031578
2024-03-01,0.0,10455527.90786984,10455527.90786984
2024-03-04,10577558.963122219,0.0,10577558.963122219
2024-03-05,0.0,10303872.400474854,10303872.400474854
2024-03-06,0.0,10199022.937743746,10199022.937743746
2024-03-07,3307739.797802765,6341281.4263439495,9649021.224146714
2024-03-08,0.0,9786944.961823909,9786944.961823909
2024-03-11,0.0,10201660.61714331,10201660.61714331
2024-03-12,0.0,10337281.513316864,10337281.513316864
2024-03-13,0.0,10300792.726874325,10300792.726874325
2024-03-14,-4.656612873077393e-10,10493858.664498484,10493858.664498484
2024-03-15,3406784.613778322,7280422.818413625,10687207.432191946
2024-03-18,0.0,11319770.265587037,11319770.265587037
2024-03-19,0.0,11391302.567802355,11391302.567802355
2024-03-20,3966636.310397126,8341087.9940813575,12307724.304478483
2024-03-21,4083507.592029257,8635579.066221934,12719086.65825119
2024-03-22,-4.656612873077393e-10,11851136.416083744,11851136.416083744
2024-03-25,-4.656612873077393e-10,12107061.635765232,12107061.635765232
2024-03-26,0.0,12147302.803918306,12147302.803918306
2024-03-27,4.656612873077393e-10,11725507.336448126,11725507.336448126
2024-03-28,0.0,12485408.214372715,12485408.214372715
2024-03-29,0.0,12779995.55458551,12779995.55458551
2024-04-01,0.0,12877416.539106261,12877416.539106261
2024-04-02,0.0,13308370.102534916,13308370.102534916
2024-04-03,0.0,12778509.90307149,12778509.90307149
2024-04-08,4.656612873077393e-10,12938456.998363063,12938456.998363063
2024-04-09,-4.656612873077393e-10,12662096.559886048,12662096.559886048
2024-04-10,4007704.149783299,7866565.6462437045,11874269.796027003
2024-04-11,4.656612873077393e-10,11656639.236398717,11656639.236398717
2024-04-12,9.313225746154785e-10,10942361.850101039,10942361.850101039
2024-04-15,0.0,10273383.599752609,10273383.599752609
2024-04-16,0.0,9226723.230299328,9226723.230299328
2024-04-17,9.313225746154785e-10,10233231.065963127,10233231.065963127
2024-04-18,9.313225746154785e-10,10119869.982664423,10119869.982664425
2024-04-19,6810840.073763067,3626956.5584473656,10437796.632210433
2024-04-22,9.313225746154785e-10,10108838.321415307,10108838.321415309
2024-04-23,0.0,10062481.632889774,10062481.632889774
2024-04-24,4.656612873077393e-10,10260573.463080183,10260573.463080183
2024-04-25,4.656612873077393e-10,10396656.206557117,10396656.206557117
2024-04-26,3510245.288697352,6976744.302107005,10486989.590804357
2024-04-29,3373065.9453997966,7253788.681162104,10626854.6265619
2024-04-30,7045071.850771388,3575264.9383879956,10620336.789159384
2024-05-06,9.313225746154785e-10,10649813.318477906,10649813.318477906
2024-05-07,9.313225746154785e-10,11007579.730426503,11007579.730426505
2024-05-08,7169882.450658705,3452830.014425833,10622712.465084538
2024-05-09,3584941.2253293525,6918186.533227785,10503127.758557137
2024-05-10,7029743.864898404,3396078.1047166777,10425821.969615081
2024-05-13,3485117.6945230467,7329059.27920978,10814176.973732825
2024-05-14,4.656612873077393e-10,11161340.830935378,11161340.830935378
2024-05-15,-9.313225746154785e-10,10733575.318794813,10733575.318794813
2024-05-16,0.0,10478265.322472269,10478265.322472269
2024-05-17,3525089.3641981226,7290034.993458893,10815124.357657015
2024-05-20,4.656612873077393e-10,10803108.841971118,10803108.841971118
2024-05-21,0.0,10312292.221732719,10312292.221732719
2024-05-22,0.0,10186488.324541925,10186488.324541925
2024-05-23,9837386.025225122,0.0,9837386.025225122
2024-05-24,6558257.35015008,3224840.159018732,9783097.509168813
2024-05-27,0.0,9914682.805940282,9914682.805940282
2024-05-28,4.656612873077393e-10,10260277.122879688,10260277.122879688
2024-05-29,10019848.78394172,0.0,10019848.78394172
2024-05-30,3339949.59464724,6311565.773845545,9651515.368492786
2024-05-31,6522059.591013258,3225607.999438525,9747667.590451784
2024-06-03,9576547.802683162,0.0,9576547.802683162
2024-06-04,9576547.802683162,0.0,9576547.802683162
2024-06-05,6384365.201788775,3169954.877294796,9554320.079083571
2024-06-06,6384365.201788775,3398191.6284600217,9782556.830248795
2024-06-07,6547064.192517556,3401822.2182917744,9948886.41080933
2024-06-11,0.0,9955878.707564138,9955878.707564138
2024-06-12,3263740.873637865,6696488.449236731,9960229.322874596
2024-06-13,9869369.74497203,0.0,9869369.74497203
2024-06-14,6579579.829981353,3193478.653997113,9773058.483978465
2024-06-17,6463688.261025218,3166237.01442571,9629925.275450928
2024-06-18,6463688.261025218,3166237.01442571,9629925.275450928
2024-06-19,6442326.416951448,3161543.7413221737,9603870.158273622
2024-06-20,9560133.387148611,0.0,9560133.387148611
2024-06-21,6373422.258099074,3383638.913834718,9757061.171933793
2024-06-24,6412947.748597631,3053203.0796979778,9466150.828295609
2024-06-25,3142212.929480232,6433030.423439854,9575243.352920085
2024-06-26,0.0,9600103.301315866,9600103.301315866
2024-06-27,6516606.789285548,3041647.9269051184,9558254.716190666
2024-06-28,9619032.422268698,0.0,9619032.422268698
2024-07-01,0.0,9746938.2668707,9746938.2668707
2024-07-02,0.0,9465124.133011118,9465124.133011118
2024-07-03,0.0,9100097.276474979,9100097.276474979
2024-07-04,8647418.18721014,0.0,8647418.18721014
2024-07-05,8647418.18721014,0.0,8647418.18721014
2024-07-08,2882472.729070047,5487534.054366974,8370006.783437021
2024-07-09,5589820.052840369,2855705.6400826266,8445525.692922994
2024-07-10,-4.656612873077393e-10,8143698.478726303,8143698.478726303
2024-07-11,2839433.8130736086,5578837.288552891,8418271.1016265
2024-07-12,8354335.762466028,0.0,8354335.762466028
2024-07-15,2784778.587488677,5470420.967216939,8255199.554705616
2024-07-16,4.656612873077393e-10,8346694.312386567,8346694.312386567
2024-07-17,2710697.158991392,5710321.439464519,8421018.59845591
2024-07-18,2942575.553794648,6193537.533588514,9136113.087383162
2024-07-19,5882787.824850732,3057502.996003621,8940290.820854353
2024-07-22,2941393.912425366,6253382.158586834,9194776.071012199
2024-07-23,6006055.081268642,2951576.6752803344,8957631.756548977
2024-07-24,0.0,9077625.6813939,9077625.6813939
2024-07-25,4.656612873077393e-10,9482331.973071955,9482331.973071955
2024-07-26,3288038.6184927253,6492772.45339112,9780811.071883846
2024-07-29,9782213.290967368,0.0,9782213.290967368
2024-07-30,9782213.290967368,0.0,9782213.290967368
2024-07-31,3260737.763655789,6891622.879203571,10152360.64285936
2024-08-01,6714456.592167607,3283066.896161277,9997523.488328883
2024-08-02,3350331.211072502,7066034.111457845,10416365.322530348
2024-08-05,3265866.7632582905,7172996.351123897,10438863.114382189
2024-08-06,0.0,10893231.297478572,10893231.297478572
2024-08-07,6864272.695317678,3857559.5701524396,10721832.265470117
2024-08-08,7121779.482765848,3671466.6983108246,10793246.181076672
2024-08-09,7121779.482765848,3671466.6983108246,10793246.181076672
2024-08-12,7241679.425099051,3482597.577022591,10724277.002121642
2024-08-13,7241679.425099051,3482597.577022591,10724277.002121642
2024-08-14,10681806.29996283,0.0,10681806.29996283
2024-08-15,3560602.0999876107,7146430.728235958,10707032.82822357
2024-08-16,6900888.343661555,3242001.487315749,10142889.830977304
2024-08-19,0.0,10257433.05894752,10257433.05894752
2024-08-20,3290169.804245999,6976932.587495711,10267102.39174171
2024-08-21,0.0,10644619.778366648,10644619.778366648
2024-08-22,9945595.421214743,0.0,9945595.421214743
2024-08-23,6630396.947476495,3424949.53740868,10055346.484885175
2024-08-26,3315198.4737382475,6663764.653247716,9978963.126985963
2024-08-27,9713093.086899448,0.0,9713093.086899448
2024-08-28,9713093.086899448,0.0,9713093.086899448
2024-08-29,3237697.69563315,6642896.24597434,9880593.94160749
2024-08-30,0.0,9906078.844535828,9906078.844535828
2024-09-02,-4.656612873077393e-10,10329885.10194647,10329885.10194647
2024-09-03,3335591.0161578623,7468094.92331069,10803685.939468551
2024-09-04,3516485.6278448035,6984754.299311614,10501239.927156417
2024-09-05,3428982.1250758423,6973375.2378293015,10402357.362905145
2024-09-06,6726322.880948035,3256643.031584805,9982965.91253284
2024-09-09,9900286.6818297,0.0,9900286.6818297
2024-09-10,9900286.6818297,0.0,9900286.6818297
2024-09-11,6600191.1212198,3453978.0139164776,10054169.135136276
2024-09-12,9935902.987161964,0.0,9935902.987161964
2024-09-13,9935902.987161964,0.0,9935902.987161964
2024-09-18,6623935.324774643,3230277.5327805597,9854212.857555203
2024-09-19,6623935.324774643,3320007.464246686,9943942.78902133
2024-09-20,6581439.229232285,3232628.792728895,9814068.02196118
2024-09-23,6581439.229232285,3425621.556473903,10007060.785706189
2024-09-24,6671373.857137458,3387989.008893524,10059362.866030982
2024-09-25,3344817.060714021,6806170.250009071,10150987.310723092
2024-09-26,4.656612873077393e-10,10276392.160884367,10276392.160884367
2024-09-27,0.0,10828822.385181112,10828822.385181112
2024-09-30,3842346.444207178,8013845.532877181,11856191.97708436
2024-10-08,7938122.438233217,3771696.3853145735,11709818.823547792
2024-10-09,11329999.28123274,0.0,11329999.28123274
2024-10-10,11329999.28123274,0.0,11329999.28123274
2024-10-11,7553332.8541551605,3576009.3331130245,11129342.187268184
2024-10-14,7759440.145643707,3839840.0258960524,11599280.17153976
2024-10-15,-4.656612873077393e-10,11553682.600425806,11553682.600425806
2024-10-16,0.0,12023647.230397012,12023647.230397012
2024-10-17,7775622.409701701,3854210.2977048303,11629832.707406532
2024-10-18,4.656612873077393e-10,12366266.858526085,12366266.858526085
2024-10-21,4.656612873077393e-10,13430987.967962125,13430987.967962125
2024-10-22,0.0,12985335.748626703,12985335.748626703
2024-10-23,0.0,12649327.665627703,12649327.665627703
2024-10-24,9.313225746154785e-10,13346246.002720658,13346246.002720658
2024-10-25,0.0,13826447.217318246,13826447.217318246
2024-10-28,4710559.492933228,9512943.583300501,14223503.07623373
2024-10-29,0.0,13859523.563512692,13859523.563512692
2024-10-30,0.0,15316691.372781271,15316691.372781271
2024-10-31,0.0,15989063.459546905,15989063.459546905
2024-11-01,1.862645149230957e-09,15392903.673790041,15392903.673790043
2024-11-04,0.0,15289309.428672422,15289309.428672422
2024-11-05,0.0,15477428.00500876,15477428.00500876
2024-11-06,1.862645149230957e-09,16054332.498893961,16054332.498893963
2024-11-07,1.862645149230957e-09,16678373.652400479,16678373.65240048
2024-11-08,5646298.453036734,11181617.042716019,16827915.49575275
2024-11-11,0.0,17542708.525752366,17542708.525752366
2024-11-12,11407187.536178514,5742284.500549269,17149472.036727782
2024-11-13,0.0,16916910.37485178,16916910.37485178
2024-11-14,0.0,15845446.607236745,15845446.607236745
2024-11-15,0.0,15771131.334257577,15771131.334257577
2024-11-18,0.0,15842915.760155268,15842915.760155268
2024-11-19,0.0,17619483.34029454,17619483.34029454
2024-11-20,9.313225746154785e-10,17785170.5812239,17785170.5812239
2024-11-21,5972591.15333758,12407085.894894943,18379677.04823252
2024-11-22,12118448.367673237,5635079.844371512,17753528.21204475
2024-11-25,0.0,18531303.902908865,18531303.902908865
2024-11-26,1.862645149230957e-09,17868335.470139805,17868335.47013981
2024-11-27,0.0,17992925.403448097,17992925.403448097
2024-11-28,2.7939677238464355e-09,17853682.61302577,17853682.613025773
2024-11-29,2.7939677238464355e-09,17966488.03862611,17966488.038626112
2024-12-02,0.0,18770288.25806661,18770288.25806661
2024-12-03,0.0,19008076.610402472,19008076.610402472
2024-12-04,0.0,19093837.402633823,19093837.402633823
2024-12-05,0.0,19839876.72305623,19839876.72305623
2024-12-06,2.7939677238464355e-09,20560704.040129423,20560704.040129427
2024-12-09,-9.313225746154785e-10,20374872.782352414,20374872.782352414
2024-12-10,0.0,20515709.867750082,20515709.867750082
2024-12-11,2.7939677238464355e-09,21624268.88352395,21624268.883523952
2024-12-12,2.7939677238464355e-09,21349537.456250556,21349537.45625056
2024-12-13,20866636.107493207,0.0,20866636.107493207
2024-12-16,20866636.107493207,0.0,20866636.107493207
2024-12-17,20866636.107493207,0.0,20866636.107493207
2024-12-18,20866636.107493207,0.0,20866636.107493207
2024-12-19,20866636.107493207,0.0,20866636.107493207
2024-12-20,20866636.107493207,0.0,20866636.107493207
2024-12-23,20866636.107493207,0.0,20866636.107493207
2024-12-24,-9.313225746154785e-10,20965135.617053803,20965135.617053803
2024-12-25,0.0,19579996.620021082,19579996.620021082
2024-12-26,-9.313225746154785e-10,20632432.85559258,20632432.85559258
2024-12-27,-9.313225746154785e-10,19596020.183315467,19596020.183315467
2024-12-30,0.0,20119624.87852031,20119624.87852031
2024-12-31,1.862645149230957e-09,18743673.679424576,18743673.679424576
