date,code,action,price,quantity,amount,commission,slippage,pnl,return_pct
2024-01-10,603390,BUY,11.05306,301575.61194215296,3333333.3333333335,0.0,9970.089730807576,0.0,0.0
2024-01-10,603908,BUY,40.77195,81755.55334815562,3333333.333333333,0.0,9970.089730807578,0.0,0.0
2024-01-10,603273,BUY,26.85031,124145.05952941823,3333333.3333333335,0.0,9970.089730807578,0.0,0.0
2024-01-12,603390,SELL_TRAILING_STOP,10.33,301575.61194215296,3115276.07136244,0.0,0.0,-218057.2619708932,-0.06541717859126794
2024-01-12,603908,SELL_TRAILING_STOP,38.88,81755.55334815562,3178655.914176291,0.0,0.0,-154677.41915704255,-0.04640322574711275
2024-01-12,603273,SELL_TIME_STOP,28.42,124145.05952941823,3528202.5918260664,0.0,0.0,194869.25849273265,0.058460777547819864
2024-01-12,603168,BUY,12.38705,264311.91115896025,3274044.859121599,0.0,9792.756308439477,0.0,0.0
2024-01-15,603168,SELL_STOP_DYNAMIC,12.27,264311.91115896025,3243107.149920442,0.0,0.0,-30937.7092011565,-0.009449384639603542
2024-01-15,603211,BUY,20.661800000000003,157959.72709966605,3263732.2893878804,0.0,9761.911134759363,0.0,0.0
2024-01-16,600319,BUY,5.987909999999999,545053.6646990153,3263732.2893878804,0.0,9761.911134759364,0.0,0.0
2024-01-17,603211,SELL_TRAILING_STOP,19.51,157959.72709966605,3081794.275714485,0.0,0.0,-181938.0136733956,-0.055745385203612496
2024-01-18,600319,SELL_TIME_STOP,6.19,545053.6646990153,3373882.184486905,0.0,0.0,110149.89509902455,0.03374967225626313
2024-01-18,002162,BUY,4.7141,687257.9954879526,3239802.9165297574,0.0,9690.337736380132,0.0,0.0
2024-01-19,002162,SELL_STOP_DYNAMIC,4.46,687257.9954879526,3065170.659876269,0.0,0.0,-174632.2566534889,-0.05390212341698308
2024-01-19,605577,BUY,22.80822,139493.22500010644,3181592.1643119273,0.0,9516.227809507262,0.0,0.0
2024-01-22,601226,BUY,7.45229,426928.12065981433,3181592.1643119277,0.0,9516.227809507262,0.0,0.0
2024-01-23,605577,SELL_TRAILING_STOP,27.2,139493.22500010644,3794215.720002895,0.0,0.0,612623.5556909676,0.19255250957768744
2024-01-23,601226,SELL_STOP_DYNAMIC,6.55,426928.12065981433,2796379.190321784,0.0,0.0,-385212.9739901438,-0.12107553517106817
2024-01-23,002097,BUY,6.238659999999999,522130.66452499985,3257395.6915455353,0.0,9742.958200036497,0.0,0.0
2024-01-23,600053,BUY,15.40608,211435.72482718094,3257395.6915455353,0.0,9742.958200036497,0.0,0.0
2024-01-23,000158,BUY,8.36502,389406.8025594124,3257395.6915455353,0.0,9742.958200036497,0.0,0.0
2024-01-24,000158,SELL_STOP_DYNAMIC,8.26,389406.8025594124,3216500.1891407464,0.0,0.0,-40895.50240478936,-0.012554662152630791
2024-01-24,002915,BUY,15.115210000000001,212798.90845980617,3216500.1891407473,0.0,9620.638651467838,0.0,0.0
2024-01-25,002097,SELL_TIME_STOP,6.71,522130.66452499985,3503496.758962749,0.0,0.0,246101.06741721372,0.07555148060641237
2024-01-25,600053,SELL_TIME_STOP,21.03,211435.72482718094,4446493.293115615,0.0,0.0,1189097.6015700798,0.365045488534397
2024-01-25,002915,SELL_STOP_DYNAMIC,14.48,212798.90845980617,3081328.1944979937,0.0,0.0,-135171.99464275362,-0.04202455672134231
2024-01-25,601096,BUY,6.69001,549641.3431657231,3677106.0821921197,0.0,10998.32327674612,0.0,0.0
2024-01-25,601519,BUY,7.9237,464064.273280427,3677106.082192119,0.0,10998.32327674612,0.0,0.0
2024-01-25,603877,BUY,17.76313,207007.77859488272,3677106.082192119,0.0,10998.32327674612,0.0,0.0
2024-01-26,601096,SELL_TRAILING_STOP,6.86,549641.3431657231,3770539.614116861,0.0,0.0,93433.53192474144,0.025409528535831782
2024-01-26,002178,BUY,6.6398600000000005,567864.3245666114,3770539.614116861,0.0,11277.785485892902,0.0,0.0
2024-01-29,601519,SELL_TIME_STOP,8.18,464064.273280427,3796045.7554338924,0.0,0.0,118939.67324177321,0.03234599997475929
2024-01-29,603877,SELL_STOP_DYNAMIC,16.32,207007.77859488272,3378366.946668486,0.0,0.0,-298739.1355236331,-0.08124300165567666
2024-01-29,002178,SELL_TRAILING_STOP,6.03,567864.3245666114,3424221.8771366673,0.0,0.0,-346317.7369801938,-0.09184832210317695
2024-01-29,601519,BUY,7.93373,445298.5157145103,3532878.1930796816,0.0,10566.93377790533,0.0,0.0
2024-01-30,601519,SELL_TRAILING_STOP,7.82,445298.5157145103,3482234.392887471,0.0,0.0,-50643.800192211005,-0.014334997535837446
2024-01-30,002825,BUY,7.7231000000000005,455257.20583042357,3515996.9263489447,0.0,10516.441454682785,0.0,0.0
2024-01-30,000025,BUY,17.3519,202628.9297626741,3515996.9263489447,0.0,10516.441454682785,0.0,0.0
2024-01-30,003015,BUY,11.1333,315809.0526931767,3515996.9263489447,0.0,10516.441454682783,0.0,0.0
2024-01-31,002825,SELL_STOP_DYNAMIC,7.2,455257.20583042357,3277851.8819790496,0.0,0.0,-238145.04436989472,-0.06773186932708375
2024-01-31,000025,SELL_TRAILING_STOP,17.0,202628.9297626741,3444691.8059654594,0.0,0.0,-71305.12038348512,-0.020280199862839243
2024-01-31,003015,SELL_STOP_DYNAMIC,10.87,315809.0526931767,3432844.402774831,0.0,0.0,-83152.52357411374,-0.023649771406501263
2024-01-31,600345,BUY,17.5525,192857.39145837422,3385129.363573113,0.0,10125.013051564645,0.0,0.0
2024-01-31,002819,BUY,25.747010000000003,131476.60111108483,3385129.3635731125,0.0,10125.013051564645,0.0,0.0
2024-01-31,002214,BUY,11.46429,295275.9711742387,3385129.363573113,0.0,10125.013051564645,0.0,0.0
2024-02-01,600345,SELL_TRAILING_STOP,16.78,192857.39145837422,3236147.0286715194,0.0,0.0,-148982.33490159357,-0.04401082466885042
2024-02-01,002819,SELL_TRAILING_STOP,24.74,131476.60111108483,3252731.1114882384,0.0,0.0,-132398.25208487414,-0.03911172598293955
2024-02-01,002214,SELL_TRAILING_STOP,10.67,295275.9711742387,3150594.612429127,0.0,0.0,-234534.75114398613,-0.06928383702784913
2024-02-01,002528,BUY,6.88058,466989.3503449266,3213157.584196295,0.0,9610.64083009859,0.0,0.0
2024-02-01,001212,BUY,26.960639999999998,119179.57378594483,3213157.584196295,0.0,9610.640830098591,0.0,0.0
2024-02-02,002528,SELL_STOP_DYNAMIC,6.66,466989.3503449266,3110149.073297211,0.0,0.0,-103008.5108990839,-0.03205834391868123
2024-02-02,000820,BUY,4.46335,708358.8176474515,3161653.328746753,0.0,9456.590215593478,0.0,0.0
2024-02-02,600189,BUY,8.074150000000001,391577.234600144,3161653.328746753,0.0,9456.590215593478,0.0,0.0
2024-02-05,001212,SELL_STOP_DYNAMIC,26.25,119179.57378594483,3128463.811881052,0.0,0.0,-84693.7723152436,-0.026358424725822505
2024-02-05,000820,SELL_STOP_DYNAMIC,4.12,708358.8176474515,2918438.3287075004,0.0,0.0,-243215.0000392525,-0.07692652379938836
2024-02-05,600189,SELL_STOP_DYNAMIC,8.0,391577.234600144,3132617.876801152,0.0,0.0,-29035.451945601173,-0.009183629236514168
2024-02-05,600640,BUY,10.060089999999999,304156.3252214014,3059840.0057965675,0.0,9152.063825911968,0.0,0.0
2024-02-05,002085,BUY,5.165450000000001,592366.5906739137,3059840.005796568,0.0,9152.063825911968,0.0,0.0
2024-02-06,600640,SELL_STOP_DYNAMIC,9.72,304156.3252214014,2956399.481152022,0.0,0.0,-103440.52464454586,-0.03380586058375201
2024-02-06,002085,SELL_STOP_DYNAMIC,4.89,592366.5906739137,2896672.6283954377,0.0,0.0,-163167.3774011302,-0.05332546051166909
2024-02-07,600482,BUY,19.117179999999998,155408.4182455088,2970970.7051146757,0.0,8886.253355278193,0.0,0.0
2024-02-07,003028,BUY,32.70783,90833.62317569449,2970970.7051146757,0.0,8886.253355278192,0.0,0.0
2024-02-08,600482,SELL_TRAILING_STOP,20.83,155408.4182455088,3237157.352053948,0.0,0.0,266186.64693927247,0.08959585043400753
2024-02-19,003028,SELL_TIME_STOP,35.0,90833.62317569449,3179176.811149307,0.0,0.0,208206.10603463152,0.07008016123356398
2024-02-19,601038,BUY,14.72404,212516.5119608914,3129101.6227726433,0.0,9359.227186757658,0.0,0.0
2024-02-19,003028,BUY,34.402899999999995,90954.58879259143,3129101.6227726433,0.0,9359.227186757656,0.0,0.0
2024-02-20,605399,BUY,10.67192,293208.87176559074,3129101.6227726433,0.0,9359.227186757658,0.0,0.0
2024-02-21,601038,SELL_TIME_STOP,15.04,212516.5119608914,3196248.3398918062,0.0,0.0,67146.71711916296,0.021458784409713605
2024-02-21,003028,SELL_TIME_STOP,35.3,90954.58879259143,3210696.984378477,0.0,0.0,81595.36160583394,0.02607629008019674
2024-02-21,603178,BUY,28.4852,112460.95032280419,3203472.662135142,0.0,9581.672967502916,0.0,0.0
2024-02-22,605399,SELL_TIME_STOP,11.18,293208.87176559074,3278075.1863393043,0.0,0.0,148973.56356666124,0.04760905254162329
2024-02-22,605376,BUY,19.046969999999998,170146.42876201431,3240773.9242372233,0.0,9693.242046571955,0.0,0.0
2024-02-22,600675,BUY,3.16948,1022493.8867691935,3240773.9242372233,0.0,9693.242046571955,0.0,0.0
2024-02-23,603178,SELL_TRAILING_STOP,33.95,112460.95032280419,3818049.2634592024,0.0,0.0,614576.6013240607,0.1918469942285821
2024-02-23,002828,BUY,8.064119999999999,473461.36509119446,3818049.263459203,0.0,11419.88812599961,0.0,0.0
2024-02-26,605376,SELL_TIME_STOP,20.3,170146.42876201431,3453972.503868891,0.0,0.0,213198.57963166723,0.06578631666874069
2024-02-26,600675,SELL_TIME_STOP,3.14,1022493.8867691935,3210630.8044552677,0.0,0.0,-30143.11978195577,-0.009301210293171103
2024-02-27,002828,SELL_TIME_STOP,8.48,473461.36509119446,4014952.3759733294,0.0,0.0,196903.11251412658,0.05157165319960533
2024-02-27,600444,BUY,12.306809999999999,289258.70268297225,3559851.894765829,0.0,10647.61284576021,0.0,0.0
2024-02-27,600561,BUY,4.5536200000000004,781763.0576916451,3559851.894765829,0.0,10647.612845760206,0.0,0.0
2024-02-28,600444,SELL_TRAILING_STOP,12.02,289258.70268297225,3476889.6062493264,0.0,0.0,-82962.28851650302,-0.023304983175981397
2024-02-28,600561,SELL_TRAILING_STOP,4.24,781763.0576916451,3314675.3646125756,0.0,0.0,-245176.53015325393,-0.06887267712281664
2024-02-28,603536,BUY,10.96279,314743.99204423116,3450472.288542577,0.0,10320.45549913034,0.0,0.0
2024-02-29,603536,SELL_TRAILING_STOP,10.31,314743.99204423116,3245010.5579760233,0.0,0.0,-205461.7305665535,-0.05954597324221289
2024-02-29,000518,BUY,2.39717,1410824.0320963436,3381985.045020392,0.0,10115.608310130783,0.0,0.0
2024-02-29,600193,BUY,3.5907400000000003,941862.9711481177,3381985.045020392,0.0,10115.608310130785,0.0,0.0
2024-02-29,002647,BUY,4.68401,722027.7166403129,3381985.045020392,0.0,10115.608310130783,0.0,0.0
2024-03-04,000518,SELL_TIME_STOP,2.48,1410824.0320963436,3498843.599598932,0.0,0.0,116858.55457854008,0.034553244033589614
2024-03-04,600193,SELL_TIME_STOP,3.79,941862.9711481177,3569660.660651366,0.0,0.0,187675.6156309737,0.05549273965812063
2024-03-04,002647,SELL_TIME_STOP,4.86,722027.7166403129,3509054.702871921,0.0,0.0,127069.65785152906,0.03757250731744821
2024-03-05,603598,BUY,18.054,195294.83702821573,3525852.9877074063,0.0,10545.92119952365,0.0,0.0
2024-03-05,002076,BUY,1.92576,1830889.0971395222,3525852.9877074063,0.0,10545.921199523647,0.0,0.0
2024-03-05,002915,BUY,13.731069999999999,256779.18674272337,3525852.9877074063,0.0,10545.92119952365,0.0,0.0
2024-03-06,603598,SELL_TRAILING_STOP,17.68,195294.83702821573,3452812.718658854,0.0,0.0,-73040.26904855244,-0.020715630885122294
2024-03-06,002076,SELL_TRAILING_STOP,1.82,1830889.0971395222,3332218.1567939306,0.0,0.0,-193634.8309134756,-0.05491857760053165
2024-03-06,000572,BUY,4.19254,809179.0269684708,3392515.4377263924,0.0,10147.104998184623,0.0,0.0
2024-03-06,600148,BUY,13.359960000000001,253931.5565111267,3392515.4377263924,0.0,10147.104998184623,0.0,0.0
2024-03-07,002915,SELL_TRAILING_STOP,13.38,256779.18674272337,3435705.518617639,0.0,0.0,-90147.46908976743,-0.02556756319791531
2024-03-07,000572,SELL_TRAILING_STOP,4.01,809179.0269684708,3244807.8981435676,0.0,0.0,-147707.53958282495,-0.04353923874310095
2024-03-07,600148,SELL_TRAILING_STOP,12.77,253931.5565111267,3242705.976647088,0.0,0.0,-149809.46107930466,-0.044158814846751104
2024-03-07,000593,BUY,5.707070000000001,579586.3372628625,3307739.797802765,0.0,9893.538777077063,0.0,0.0
2024-03-07,601599,BUY,3.83146,863310.5390119602,3307739.797802765,0.0,9893.538777077063,0.0,0.0
2024-03-08,000593,SELL_STOP_DYNAMIC,5.39,579586.3372628625,3123970.3578468286,0.0,0.0,-183769.43995593642,-0.05555740511330698
2024-03-08,002762,BUY,7.67295,419115.86519197916,3215855.0778247965,0.0,9618.709106155922,0.0,0.0
2024-03-08,002319,BUY,12.3369,260669.6234730602,3215855.0778247965,0.0,9618.709106155922,0.0,0.0
2024-03-11,601599,SELL_TIME_STOP,3.89,863310.5390119602,3358277.9967565252,0.0,0.0,50538.19895376037,0.015278771016792536
2024-03-11,002868,BUY,19.959699999999998,168252.92949075013,3358277.9967565252,0.0,10044.699890597782,0.0,0.0
2024-03-12,002762,SELL_TIME_STOP,7.59,419115.86519197916,3181089.4168071216,0.0,0.0,-34765.6610176748,-0.010810705139483567
2024-03-12,002319,SELL_TIME_STOP,14.35,260669.6234730602,3740609.0968384137,0.0,0.0,524754.0190136174,0.16317713526088395
2024-03-12,002892,BUY,15.947700000000001,217012.43795799816,3460849.2568227677,0.0,10351.493290596512,0.0,0.0
2024-03-12,603389,BUY,4.58371,755032.3333768427,3460849.2568227677,0.0,10351.493290596514,0.0,0.0
2024-03-13,002868,SELL_TIME_STOP,20.22,168252.92949075013,3402074.2343029673,0.0,0.0,43796.237546442404,0.013041278175523807
2024-03-13,603917,BUY,15.99785,212658.21559165558,3402074.2343029673,0.0,10175.695616060719,0.0,0.0
2024-03-14,002892,SELL_TIME_STOP,15.87,217012.43795799816,3443987.390393431,0.0,0.0,-16861.866429336864,-0.004872175925055178
2024-03-14,603389,SELL_TIME_STOP,5.04,755032.3333768427,3805362.960219287,0.0,0.0,344513.7033965196,0.09954600094683119
2024-03-14,601900,BUY,16.7501,216397.2260050005,3624675.175306359,0.0,10841.501022850525,0.0,0.0
2024-03-14,002575,BUY,6.58971,550050.7875621779,3624675.1753063593,0.0,10841.501022850527,0.0,0.0
2024-03-15,603917,SELL_TIME_STOP,16.02,212658.21559165558,3406784.6137783225,0.0,0.0,4710.379475355148,0.0013845610503910866
2024-03-18,601900,SELL_TIME_STOP,16.96,216397.2260050005,3670096.9530448085,0.0,0.0,45421.77773844984,0.012531268470039159
2024-03-18,002575,SELL_TIME_STOP,6.88,550050.7875621779,3784349.4184277835,0.0,0.0,159674.24312142446,0.044052014428555886
2024-03-18,002750,BUY,7.48238,483858.121134849,3620410.3284169715,0.0,10828.744750997921,0.0,0.0
2024-03-18,600990,BUY,16.82031,215240.40451198412,3620410.3284169715,0.0,10828.744750997921,0.0,0.0
2024-03-18,002575,BUY,6.8204,530820.821127349,3620410.3284169715,0.0,10828.744750997921,0.0,0.0
2024-03-20,002750,SELL_TIME_STOP,8.81,483858.121134849,4262790.04719802,0.0,0.0,642379.7187810484,0.17743284890636413
2024-03-20,600990,SELL_TIME_STOP,17.75,215240.40451198412,3820517.180087718,0.0,0.0,200106.8516707467,0.055271870732465755
2024-03-20,002575,SELL_TIME_STOP,7.19,530820.821127349,3816601.7039056397,0.0,0.0,196191.37548866827,0.05419037006627181
2024-03-20,603356,BUY,15.95773,248571.46413663635,3966636.310397126,0.0,11864.315983241653,0.0,0.0
2024-03-20,002343,BUY,7.91367,501238.52907653793,3966636.310397126,0.0,11864.315983241653,0.0,0.0
2024-03-21,002343,SELL_TRAILING_STOP,8.38,501238.52907653793,4200378.873661389,0.0,0.0,233742.56326426246,0.058927147581337325
2024-03-21,002672,BUY,5.04509,809402.3282100532,4083507.592029257,0.0,12213.881132689703,0.0,0.0
2024-03-22,603356,SELL_TRAILING_STOP,16.73,248571.46413663635,4158600.595005926,0.0,0.0,191964.2846088003,0.04839472782156373
2024-03-22,002672,SELL_TRAILING_STOP,4.81,809402.3282100532,3893225.1986903553,0.0,0.0,-190282.39333890178,-0.04659778120905678
2024-03-22,002725,BUY,10.07012,401694.43150381325,4045111.1285751797,0.0,12099.036276894854,0.0,0.0
2024-03-22,600081,BUY,11.46429,352844.45251953497,4045111.1285751797,0.0,12099.036276894854,0.0,0.0
2024-03-22,002520,BUY,6.08821,664417.1486488114,4045111.12857518,0.0,12099.036276894856,0.0,0.0
2024-03-25,600081,SELL_TRAILING_STOP,10.89,352844.45251953497,3842476.087937736,0.0,0.0,-202635.04063744357,-0.05009381304904181
2024-03-25,002520,SELL_TRAILING_STOP,5.63,664417.1486488114,3740668.546892808,0.0,0.0,-304442.581682372,-0.07526185857583756
2024-03-25,603789,BUY,9.67895,391733.84689612733,3791572.317415272,0.0,11340.694867642886,0.0,0.0
2024-03-25,001896,BUY,5.06515,748560.7173361642,3791572.3174152724,0.0,11340.694867642887,0.0,0.0
2024-03-26,002725,SELL_TRAILING_STOP,10.78,401694.43150381325,4330265.971611107,0.0,0.0,285154.843035927,0.07049369818830353
2024-03-26,603789,SELL_STOP_DYNAMIC,8.91,391733.84689612733,3490348.5758444946,0.0,0.0,-301223.7415707772,-0.07944560102077192
2024-03-26,000677,BUY,3.25975,1199572.7505875607,3910307.2737278007,0.0,11695.834318228717,0.0,0.0
2024-03-26,002141,BUY,1.97591,1978990.5783804934,3910307.2737278007,0.0,11695.834318228717,0.0,0.0
2024-03-27,001896,SELL_TRAILING_STOP,5.17,748560.7173361642,3870058.9086279687,0.0,0.0,78486.59121269673,0.020700275411389635
2024-03-27,000677,SELL_TRAILING_STOP,2.89,1199572.7505875607,3466765.2491980507,0.0,0.0,-443542.02452975034,-0.11342894393741842
2024-03-27,002141,SELL_STOP_DYNAMIC,1.97,1978990.5783804934,3898611.439409572,0.0,0.0,-11695.834318228879,-0.0029910269192423566
2024-03-27,002846,BUY,9.1273,410323.447139738,3745145.1990785305,0.0,11201.830106914847,0.0,0.0
2024-03-27,002715,BUY,13.12927,285251.59426826704,3745145.1990785305,0.0,11201.830106914847,0.0,0.0
2024-03-27,002869,BUY,18.956699999999998,197563.14121542944,3745145.199078531,0.0,11201.830106914847,0.0,0.0
2024-03-28,002846,SELL_STOP_DYNAMIC,8.27,410323.447139738,3393374.907845633,0.0,0.0,-351770.29123289755,-0.09392701017825644
2024-03-28,002869,SELL_TRAILING_STOP,21.78,197563.14121542944,4302925.215672053,0.0,0.0,557780.0165935226,0.14893414993115917
2024-03-28,600593,BUY,22.04594,174551.41680322285,3848150.061758843,0.0,11509.920424004515,0.0,0.0
2024-03-28,600844,BUY,3.3199300000000003,1159105.782880616,3848150.0617588437,0.0,11509.920424004515,0.0,0.0
2024-03-29,002715,SELL_TRAILING_STOP,14.8,285251.59426826704,4221723.595170353,0.0,0.0,476578.396091822,0.12725231486594457
2024-03-29,002893,BUY,10.4312,404720.79867803823,4221723.595170353,0.0,12627.288918754793,0.0,0.0
2024-04-01,600593,SELL_TIME_STOP,26.26,174551.41680322285,4583720.2052526325,0.0,0.0,735570.1434937892,0.19114902789357124
2024-04-01,600844,SELL_TRAILING_STOP,3.36,1159105.782880616,3894595.4304788695,0.0,0.0,46445.36872002582,0.012069531586509141
2024-04-01,605069,BUY,7.89361,537036.6432932145,4239157.817865751,0.0,12679.435148152796,0.0,0.0
2024-04-01,600159,BUY,3.009,1408826.1275725327,4239157.817865751,0.0,12679.435148152796,0.0,0.0
2024-04-02,002893,SELL_TIME_STOP,10.56,404720.79867803823,4273851.634040084,0.0,0.0,52128.03886973133,0.01234757266661557
2024-04-02,605069,SELL_TRAILING_STOP,8.12,537036.6432932145,4360737.5435409015,0.0,0.0,121579.72567515052,0.028680160281544076
2024-04-02,000903,BUY,2.8284599999999998,1526376.3987436604,4317294.588790493,0.0,12913.144333371369,0.0,0.0
2024-04-02,603613,BUY,23.52035,183555.71191714803,4317294.588790493,0.0,12913.144333371363,0.0,0.0
2024-04-03,600159,SELL_TRAILING_STOP,2.91,1408826.1275725327,4099684.0312360707,0.0,0.0,-139473.7866296804,-0.032901296111664924
2024-04-03,000903,SELL_TRAILING_STOP,2.83,1526376.3987436604,4319645.208444559,0.0,0.0,2350.619654065724,0.000544465893100865
2024-04-03,600843,BUY,5.9177,711368.3728205747,4209664.619840315,0.0,12591.220198924171,0.0,0.0
2024-04-03,603813,BUY,13.52044,311355.593445207,4209664.619840315,0.0,12591.220198924171,0.0,0.0
2024-04-08,603613,SELL_TRAILING_STOP,22.83,183555.71191714803,4190576.9030684894,0.0,0.0,-126717.68572200356,-0.029351178872763506
2024-04-08,600843,SELL_STOP_DYNAMIC,5.86,711368.3728205747,4168618.664728568,0.0,0.0,-41045.9551117469,-0.009750409787586345
2024-04-08,603813,SELL_STOP_DYNAMIC,13.0,311355.593445207,4047622.714787691,0.0,0.0,-162041.90505262374,-0.03849283011499627
2024-04-08,603798,BUY,11.07312,373481.55661592365,4135606.094194916,0.0,12369.70915511939,0.0,0.0
2024-04-08,002719,BUY,8.95679,461728.5985486895,4135606.0941949165,0.0,12369.709155119392,0.0,0.0
2024-04-08,600593,BUY,27.5825,149935.8685469017,4135606.094194916,0.0,12369.709155119392,0.0,0.0
2024-04-09,600593,SELL_TRAILING_STOP,27.14,149935.8685469017,4069259.4723629123,0.0,0.0,-66346.62183200386,-0.016042780748663055
2024-04-09,600807,BUY,3.44029,1182824.5503614268,4069259.472362913,0.0,12171.264623219082,0.0,0.0
2024-04-10,603798,SELL_TRAILING_STOP,10.86,373481.55661592365,4056009.7048489307,0.0,0.0,-79596.38934598563,-0.019246608002080667
2024-04-10,002719,SELL_TRAILING_STOP,8.75,461728.5985486895,4040125.237301033,0.0,0.0,-95480.85689388342,-0.02308751237887674
2024-04-10,600807,SELL_TRAILING_STOP,3.32,1182824.5503614268,3926977.5071999365,0.0,0.0,-142281.9651629763,-0.034965075618625274
2024-04-10,605100,BUY,16.469260000000002,243344.51880553828,4007704.1497833,0.0,11987.150996360817,0.0,0.0
2024-04-10,002513,BUY,4.8645499999999995,823859.1750076164,4007704.1497833,0.0,11987.150996360817,0.0,0.0
2024-04-11,002513,SELL_STOP_DYNAMIC,4.8,823859.1750076164,3954524.0400365586,0.0,0.0,-53180.109746741364,-0.013269469940693335
2024-04-11,002023,BUY,10.67192,373045.72138002614,3981114.0949099287,0.0,11907.619426450436,0.0,0.0
2024-04-11,600241,BUY,7.15139,556690.9502781876,3981114.0949099283,0.0,11907.619426450434,0.0,0.0
2024-04-12,605100,SELL_TRAILING_STOP,14.75,243344.51880553828,3589331.6523816898,0.0,0.0,-418372.49740161025,-0.1043920613312318
2024-04-12,002023,SELL_STOP_DYNAMIC,9.5,373045.72138002614,3543934.353110248,0.0,0.0,-437179.7417996803,-0.1098134168921806
2024-04-12,600241,SELL_TRAILING_STOP,6.97,556690.9502781876,3880135.9234389677,0.0,0.0,-100978.17147096067,-0.02536429980745003
2024-04-12,002378,BUY,7.251690000000001,506245.2995522839,3671133.976310302,0.0,10980.460547289038,0.0,0.0
2024-04-12,600595,BUY,4.02203,912756.4877214496,3671133.976310302,0.0,10980.460547289038,0.0,0.0
2024-04-12,002780,BUY,13.96176,262942.06291400956,3671133.976310302,0.0,10980.460547289038,0.0,0.0
2024-04-15,002378,SELL_TRAILING_STOP,6.78,506245.2995522839,3432343.130964485,0.0,0.0,-238790.8453458171,-0.06504552731845958
2024-04-15,002780,SELL_TRAILING_STOP,12.99,262942.06291400956,3415617.3972529843,0.0,0.0,-255516.57905731787,-0.0696015402069653
2024-04-15,605179,BUY,12.858460000000001,266282.29695536906,3423980.264108735,0.0,10241.217140903495,0.0,0.0
2024-04-15,000017,BUY,9.08718,376792.38929004763,3423980.264108735,0.0,10241.217140903496,0.0,0.0
2024-04-16,600595,SELL_TRAILING_STOP,3.73,912756.4877214496,3404581.699201007,0.0,0.0,-266552.27710929496,-0.07260761356827272
2024-04-16,605179,SELL_STOP_DYNAMIC,11.41,266282.29695536906,3038281.008260761,0.0,0.0,-385699.2558479741,-0.1126464599959871
2024-04-16,000017,SELL_STOP_DYNAMIC,9.02,376792.38929004763,3398667.3513962296,0.0,0.0,-25312.912712505575,-0.0073928325399079675
2024-04-16,603787,BUY,11.07312,296258.8700943666,3280510.0196193326,0.0,9812.09377752542,0.0,0.0
2024-04-16,001379,BUY,17.2516,190156.85615359346,3280510.0196193326,0.0,9812.093777525422,0.0,0.0
2024-04-16,000037,BUY,9.41817,348317.1380023224,3280510.0196193326,0.0,9812.093777525422,0.0,0.0
2024-04-17,603787,SELL_STOP_DYNAMIC,10.8,296258.8700943666,3199595.7970191594,0.0,0.0,-80914.22260017302,-0.024665135029693364
2024-04-17,001379,SELL_STOP_DYNAMIC,16.56,190156.85615359346,3148997.5379035072,0.0,0.0,-131512.48171582544,-0.04008903521992169
2024-04-17,000037,SELL_STOP_DYNAMIC,9.19,348317.1380023224,3201034.4982413426,0.0,0.0,-79475.52137799005,-0.02422657480168655
2024-04-17,000881,BUY,7.01097,454032.64850959805,3183209.2777213366,0.0,9521.064639246271,0.0,0.0
2024-04-17,603508,BUY,20.11015,158288.68893177508,3183209.2777213366,0.0,9521.064639246271,0.0,0.0
2024-04-17,603107,BUY,17.76313,179203.17408707456,3183209.2777213366,0.0,9521.064639246271,0.0,0.0
2024-04-19,000881,SELL_TIME_STOP,7.34,454032.64850959805,3332599.6400604495,0.0,0.0,149390.36233911282,0.046930738542598105
2024-04-19,603508,SELL_TRAILING_STOP,21.57,158288.68893177508,3414287.0202583885,0.0,0.0,231077.74253705176,0.07259269572827654
2024-04-19,603107,SELL_TRAILING_STOP,19.36,179203.17408707456,3469373.4503257633,0.0,0.0,286164.17260442657,0.08989800783983459
2024-04-19,603067,BUY,10.140329999999999,335829.31096734863,3405420.036881534,0.0,10185.703001639684,0.0,0.0
2024-04-22,603067,SELL_TRAILING_STOP,10.48,335829.31096734863,3519491.1789378137,0.0,0.0,114071.14205627987,0.03349693747639404
2024-04-22,000881,BUY,7.36202,467730.8335076913,3443443.7509002932,0.0,10299.432953839363,0.0,0.0
2024-04-22,600816,BUY,3.03909,1133050.9300153314,3443443.7509002932,0.0,10299.432953839361,0.0,0.0
2024-04-22,600363,BUY,29.979670000000002,114859.2946787037,3443443.7509002932,0.0,10299.432953839361,0.0,0.0
2024-04-23,000881,SELL_TRAILING_STOP,6.87,467730.8335076913,3213310.8261978393,0.0,0.0,-230132.92470245433,-0.06683220094484943
2024-04-23,002878,BUY,12.78825,251270.56682484626,3213310.8261978403,0.0,9611.09918105037,0.0,0.0
2024-04-24,600816,SELL_TIME_STOP,2.97,1133050.9300153314,3365161.262145534,0.0,0.0,-78282.48875475884,-0.02273377886143535
2024-04-24,600363,SELL_TIME_STOP,30.4,114859.2946787037,3491722.5582325924,0.0,0.0,48278.807332299104,0.014020501226331028
2024-04-24,002811,BUY,6.15842,556708.0371571057,3428441.910189063,0.0,10254.562044433887,0.0,0.0
2024-04-24,600661,BUY,9.578650000000001,357925.3767690711,3428441.9101890633,0.0,10254.562044433887,0.0,0.0
2024-04-25,002878,SELL_TIME_STOP,13.17,251270.56682484626,3309233.365083225,0.0,0.0,95922.53888538512,0.02985162160577093
2024-04-25,002111,BUY,11.474319999999999,288403.44047257054,3309233.365083225,0.0,9898.00607701862,0.0,0.0
2024-04-26,002811,SELL_TRAILING_STOP,6.4,556708.0371571057,3562931.437805477,0.0,0.0,134489.52761641404,0.03922759409069232
2024-04-26,600661,SELL_TIME_STOP,9.66,357925.3767690711,3457559.139589227,0.0,0.0,29117.22940016347,0.008492846069122262
2024-04-26,603679,BUY,12.226569999999999,287099.7580431268,3510245.288697352,0.0,10499.238151637146,0.0,0.0
2024-04-29,002111,SELL_TIME_STOP,11.22,288403.44047257054,3235886.6021022415,0.0,0.0,-73346.76298098359,-0.022164276401564376
2024-04-29,002395,BUY,16.048,210186.06339729542,3373065.9453997966,0.0,10088.93104307018,0.0,0.0
2024-04-30,603679,SELL_TIME_STOP,12.79,287099.7580431268,3672005.9053715914,0.0,0.0,161760.61667423902,0.04608242540630769
2024-05-06,002395,SELL_TIME_STOP,17.79,210186.06339729542,3739210.0678378856,0.0,0.0,366144.1224380888,0.1085493519441676
2024-05-06,603843,BUY,3.56065,1009579.8911817854,3594760.639536424,0.0,10752.025841086013,0.0,0.0
2024-05-06,603616,BUY,3.60077,998331.0901658324,3594760.639536424,0.0,10752.025841086015,0.0,0.0
2024-05-06,000545,BUY,2.31693,1551518.8803875921,3594760.639536424,0.0,10752.025841086013,0.0,0.0
2024-05-08,603843,SELL_TRAILING_STOP,3.33,1009579.8911817854,3361901.0376353455,0.0,0.0,-232859.6019010786,-0.06477749849044412
2024-05-08,603616,SELL_TIME_STOP,3.52,998331.0901658324,3514125.43738373,0.0,0.0,-80635.20215269407,-0.022431313302432532
2024-05-08,000545,SELL_TRAILING_STOP,2.5,1551518.8803875921,3878797.2009689803,0.0,0.0,284036.56143255625,0.07901404013069002
2024-05-08,600159,BUY,2.65795,1348761.7243850909,3584941.2253293525,0.0,10722.655708861474,0.0,0.0
2024-05-09,600094,BUY,4.22263,848983.0331640122,3584941.2253293525,0.0,10722.655708861475,0.0,0.0
2024-05-10,600159,SELL_TIME_STOP,2.68,1348761.7243850909,3614681.4213520437,0.0,0.0,29740.196022691423,0.008295867115634348
2024-05-10,600094,SELL_STOP_DYNAMIC,3.94,848983.0331640122,3344993.150666208,0.0,0.0,-239948.07466314454,-0.0669322199671768
2024-05-10,603778,BUY,3.57068,984370.4651352689,3514871.9324492016,0.0,10513.076567644672,0.0,0.0
2024-05-13,603778,SELL_STOP_DYNAMIC,3.48,984370.4651352689,3425609.2186707356,0.0,0.0,-89262.71377846606,-0.025395722943528876
2024-05-13,002285,BUY,1.88564,1848241.2838734044,3485117.6945230463,0.0,10424.080841046001,0.0,0.0
2024-05-13,002668,BUY,11.1333,313035.4606920721,3485117.6945230467,0.0,10424.080841046,0.0,0.0
2024-05-14,002166,BUY,9.77925,356378.8321725129,3485117.6945230463,0.0,10424.080841046003,0.0,0.0
2024-05-15,002285,SELL_TIME_STOP,1.94,1848241.2838734044,3585588.0907144044,0.0,0.0,100470.39619135819,0.02882840839184575
2024-05-15,002668,SELL_TRAILING_STOP,12.64,313035.4606920721,3956768.223147792,0.0,0.0,471650.52862474514,0.13533274051718713
2024-05-15,002166,SELL_TRAILING_STOP,9.27,356378.8321725129,3303631.7742391946,0.0,0.0,-181485.92028385212,-0.052074545593987276
2024-05-15,000913,BUY,22.076030000000003,163767.1883350613,3615329.3627004637,0.0,10813.5474457641,0.0,0.0
2024-05-15,001316,BUY,34.76398,103996.41705870455,3615329.3627004637,0.0,10813.547445764098,0.0,0.0
2024-05-15,603787,BUY,12.8384,281602.7980667734,3615329.3627004637,0.0,10813.5474457641,0.0,0.0
2024-05-16,000913,SELL_TRAILING_STOP,21.18,163767.1883350613,3468589.0489365985,0.0,0.0,-146740.3137638655,-0.04058836665831689
2024-05-16,002379,BUY,5.987909999999999,579265.394592871,3468589.0489365975,0.0,10374.643217158318,0.0,0.0
2024-05-17,001316,SELL_TIME_STOP,35.38,103996.41705870455,3679393.2355369674,0.0,0.0,64063.872836503804,0.0177200654240397
2024-05-17,603787,SELL_TRAILING_STOP,11.97,281602.7980667734,3370785.492859278,0.0,0.0,-244543.86984118583,-0.0676408275174476
2024-05-17,600683,BUY,4.79434,735260.6123466677,3525089.3641981226,0.0,10543.637181051216,0.0,0.0
2024-05-20,002379,SELL_TIME_STOP,5.94,579265.394592871,3440836.4438816537,0.0,0.0,-27752.605054943873,-0.00800112226135652
2024-05-20,000737,BUY,12.61774,276036.9847563738,3482962.9040398877,0.0,10417.635804705547,0.0,0.0
2024-05-20,603375,BUY,45.85716,75952.43368843356,3482962.904039888,0.0,10417.635804705547,0.0,0.0
2024-05-21,600683,SELL_TRAILING_STOP,4.78,735260.6123466677,3514545.7270170716,0.0,0.0,-10543.637181051066,-0.0029910269192422456
2024-05-21,000737,SELL_TRAILING_STOP,12.77,276036.9847563738,3524992.2953388933,0.0,0.0,42029.39129900549,0.01206713722108721
2024-05-21,603375,SELL_TRAILING_STOP,45.12,75952.43368843356,3426973.8080221224,0.0,0.0,-55989.09601776591,-0.016075134177520045
2024-05-21,002868,BUY,17.34187,201179.9925148035,3488837.2767926957,0.0,10435.206211742858,0.0,0.0
2024-05-21,603693,BUY,14.443200000000001,241555.69934589948,3488837.2767926957,0.0,10435.206211742858,0.0,0.0
2024-05-21,600193,BUY,4.2126,828190.9691859412,3488837.2767926957,0.0,10435.20621174286,0.0,0.0
2024-05-22,603693,SELL_TRAILING_STOP,13.66,241555.69934589948,3299650.853064987,0.0,0.0,-189186.42372770866,-0.05422621025811458
2024-05-22,600250,BUY,9.21757,357974.04880733066,3299650.853064987,0.0,9869.344525618106,0.0,0.0
2024-05-23,002868,SELL_TRAILING_STOP,17.05,201179.9925148035,3430118.8723774,0.0,0.0,-58718.40441529558,-0.016830364891444738
2024-05-23,600193,SELL_TIME_STOP,4.11,828190.9691859412,3403864.883354218,0.0,0.0,-84972.3934384774,-0.024355504913829873
2024-05-23,600250,SELL_TRAILING_STOP,8.39,357974.04880733066,3003402.2694935044,0.0,0.0,-296248.5835714825,-0.08978179715478152
2024-05-24,000520,BUY,2.94882,1112013.8479374938,3279128.6750750407,0.0,9807.962138808694,0.0,0.0
2024-05-27,600326,BUY,4.77428,686832.0825496285,3279128.67507504,0.0,9807.962138808694,0.0,0.0
2024-05-27,000791,BUY,7.45229,440016.24669397465,3279128.67507504,0.0,9807.962138808696,0.0,0.0
2024-05-28,000520,SELL_TRAILING_STOP,3.35,1112013.8479374938,3725246.3905906044,0.0,0.0,446117.71551556385,0.13604763939474096
2024-05-28,600326,SELL_STOP_DYNAMIC,4.5,686832.0825496285,3090744.371473328,0.0,0.0,-188384.30360171213,-0.05744950023877948
2024-05-28,002827,BUY,22.5675,151013.42111585094,3407995.381031966,0.0,10193.40592531994,0.0,0.0
2024-05-28,002857,BUY,11.975819999999999,284573.0297409252,3407995.3810319663,0.0,10193.40592531994,0.0,0.0
2024-05-29,000791,SELL_TRAILING_STOP,7.18,440016.24669397465,3159316.651262738,0.0,0.0,-119812.02381230233,-0.03653776221805649
2024-05-29,002827,SELL_STOP_DYNAMIC,22.44,151013.42111585094,3388741.1698396956,0.0,0.0,-19254.211192270654,-0.005649717514124242
2024-05-29,002857,SELL_TRAILING_STOP,12.2,284573.0297409252,3471790.962839287,0.0,0.0,63795.58180732075,0.018719386229919976
2024-05-30,002716,BUY,4.112299999999999,812185.2964635947,3339949.59464724,0.0,9989.879146502213,0.0,0.0
2024-05-30,002272,BUY,5.5165,605447.2210001341,3339949.59464724,0.0,9989.879146502213,0.0,0.0
2024-05-31,002716,SELL_STOP_DYNAMIC,3.93,812185.2964635947,3191888.215101927,0.0,0.0,-148061.3795453127,-0.04433042336405402
2024-05-31,002272,SELL_TRAILING_STOP,5.37,605447.2210001341,3251251.5767707205,0.0,0.0,-88698.01787651943,-0.026556693555696453
2024-05-31,000863,BUY,3.8114,855598.9388431101,3261029.7955066296,0.0,9753.827902811456,0.0,0.0
2024-06-03,000863,SELL_TRAILING_STOP,3.57,855598.9388431101,3054488.211669903,0.0,0.0,-206541.58383672684,-0.06333630686886715
2024-06-05,002676,BUY,5.03506,633990.9754589592,3192182.600894387,0.0,9547.904090411925,0.0,0.0
2024-06-07,002676,SELL_TIME_STOP,5.42,633990.9754589592,3436231.086987559,0.0,0.0,244048.48609317196,0.07645191914296956
2024-06-07,002676,BUY,5.2156,627642.4756995894,3273532.0962587786,0.0,9791.222620913595,0.0,0.0
2024-06-11,600830,BUY,6.9909099999999995,468255.50554345263,3273532.096258778,0.0,9791.222620913593,0.0,0.0
2024-06-11,600101,BUY,15.12524,216428.43989641013,3273532.096258778,0.0,9791.222620913595,0.0,0.0
2024-06-12,002676,SELL_TRAILING_STOP,5.2,627642.4756995894,3263740.873637865,0.0,0.0,-9791.22262091363,-0.0029910269192422456
2024-06-13,600830,SELL_TIME_STOP,7.16,468255.50554345263,3352709.4196911207,0.0,0.0,79177.3234323427,0.024187122992571863
2024-06-13,600101,SELL_TRAILING_STOP,15.03,216428.43989641013,3252919.451643044,0.0,0.0,-20612.644615734196,-0.006296759588608203
2024-06-14,000037,BUY,11.033,298177.27861784433,3289789.9149906766,0.0,9839.850194388864,0.0,0.0
2024-06-17,000037,SELL_TRAILING_STOP,10.45,298177.27861784433,3115952.561556473,0.0,0.0,-173837.3534342033,-0.05284147557328023
2024-06-17,002306,BUY,2.88864,1118811.665874809,3231844.1305126087,0.0,9666.53279315835,0.0,0.0
2024-06-19,002306,SELL_TIME_STOP,2.86,1118811.665874809,3199801.3644019538,0.0,0.0,-32042.76611065478,-0.00991470034341424
2024-06-19,603002,BUY,5.1554199999999994,624811.0160715759,3221163.2084757234,0.0,9634.5858678237,0.0,0.0
2024-06-20,603002,SELL_TRAILING_STOP,4.99,624811.0160715759,3117806.970197164,0.0,0.0,-103356.23827855961,-0.03208661951887515
2024-06-21,001267,BUY,5.55662,573498.1209889352,3186711.1290495372,0.0,9531.538770836103,0.0,0.0
2024-06-24,001267,SELL_TRAILING_STOP,5.66,573498.1209889352,3245999.3647973733,0.0,0.0,59288.23574783639,0.018604835313553947
2024-06-24,003018,BUY,8.9267,359200.36231740913,3206473.874298816,0.0,9590.649673874825,0.0,0.0
2024-06-25,003018,SELL_TRAILING_STOP,8.39,359200.36231740913,3013691.039843063,0.0,0.0,-192782.8344557534,-0.06012300178117336
2024-06-25,603528,BUY,7.09121,443113.78868771775,3142212.929480231,0.0,9398.443458066493,0.0,0.0
2024-06-25,603803,BUY,6.79031,462749.55480386474,3142212.929480231,0.0,9398.443458066493,0.0,0.0
2024-06-26,600661,BUY,11.37402,276262.3003546883,3142212.929480232,0.0,9398.443458066497,0.0,0.0
2024-06-27,603528,SELL_TIME_STOP,7.25,443113.78868771775,3212574.9679859537,0.0,0.0,70362.0385057226,0.02239251129214903
2024-06-27,603803,SELL_TIME_STOP,7.14,462749.55480386474,3304031.821299594,0.0,0.0,161818.89181936337,0.05149838519890837
2024-06-28,600661,SELL_TIME_STOP,11.23,276262.3003546883,3102425.63298315,0.0,0.0,-39787.29649708204,-0.012662189797450596
2024-07-01,603390,BUY,8.27475,387485.31868107594,3206344.1407562327,0.0,9590.26163735663,0.0,0.0
2024-07-01,600550,BUY,5.2156,614760.3613690146,3206344.1407562327,0.0,9590.261637356629,0.0,0.0
2024-07-01,603936,BUY,8.38508,382386.82764579856,3206344.1407562327,0.0,9590.261637356627,0.0,0.0
2024-07-02,603390,SELL_TRAILING_STOP,7.86,387485.31868107594,3045634.604833257,0.0,0.0,-160709.5359229758,-0.05012236019215066
2024-07-02,002146,BUY,1.54462,1971769.4998337822,3045634.604833257,0.0,9109.575089232074,0.0,0.0
2024-07-03,600550,SELL_TRAILING_STOP,5.02,614760.3613690146,3086097.014072453,0.0,0.0,-120247.12668377966,-0.037502875987422524
2024-07-03,603936,SELL_TIME_STOP,8.51,382386.82764579856,3254111.903265746,0.0,0.0,47767.762509512955,0.0148978900618717
2024-07-03,600192,BUY,4.704070000000001,673906.735798808,3170104.4586690995,0.0,9481.86777268923,0.0,0.0
2024-07-03,601777,BUY,3.76125,842832.6909057094,3170104.4586690995,0.0,9481.867772689231,0.0,0.0
2024-07-04,002146,SELL_TRAILING_STOP,1.49,1971769.4998337822,2937936.5547523354,0.0,0.0,-107698.05008092141,-0.035361448123163
2024-07-04,600192,SELL_TRAILING_STOP,4.32,673906.735798808,2911277.098650851,0.0,0.0,-258827.36001824844,-0.08164631903861985
2024-07-04,601777,SELL_STOP_DYNAMIC,3.32,842832.6909057094,2798204.533806955,0.0,0.0,-371899.9248621444,-0.11731472249916919
2024-07-08,000793,BUY,1.26378,2280834.2663042992,2882472.729070047,0.0,8621.55352663025,0.0,0.0
2024-07-08,002769,BUY,5.37608,536166.264093921,2882472.729070047,0.0,8621.55352663025,0.0,0.0
2024-07-09,000793,SELL_STOP_DYNAMIC,1.19,2280834.2663042992,2714192.776902116,0.0,0.0,-168279.9521679311,-0.058380414312617646
2024-07-09,002769,SELL_STOP_DYNAMIC,5.2,536166.264093921,2788064.5732883895,0.0,0.0,-94408.15578165751,-0.0327524888022499
2024-07-09,603789,BUY,6.87055,406795.6752254454,2794910.026420184,0.0,8359.651125882903,0.0,0.0
2024-07-10,603002,BUY,5.43626,514123.6854786534,2794910.0264201844,0.0,8359.651125882905,0.0,0.0
2024-07-10,600571,BUY,9.5285,293321.0921362423,2794910.026420185,0.0,8359.651125882907,0.0,0.0
2024-07-11,603789,SELL_TIME_STOP,6.98,406795.6752254454,2839433.813073609,0.0,0.0,44523.78665342529,0.015930311256013185
2024-07-12,603002,SELL_TRAILING_STOP,5.09,514123.6854786534,2616889.5590863456,0.0,0.0,-178020.46733383855,-0.06369452528024777
2024-07-12,600571,SELL_TIME_STOP,9.88,293321.0921362423,2898012.390306074,0.0,0.0,103102.3638858896,0.03688933200398825
2024-07-15,600227,BUY,1.44432,1928089.7498398388,2784778.587488676,0.0,8329.347719308103,0.0,0.0
2024-07-15,600692,BUY,5.707070000000001,487952.4147222087,2784778.587488676,0.0,8329.347719308103,0.0,0.0
2024-07-16,600227,SELL_TRAILING_STOP,1.38,1928089.7498398388,2660763.8547789776,0.0,0.0,-124014.73270969873,-0.04453306746427399
2024-07-16,600676,BUY,3.15945,861786.4568623739,2722771.221133827,0.0,8143.882017349433,0.0,0.0
2024-07-16,002766,BUY,5.14539,529167.122634791,2722771.2211338268,0.0,8143.882017349432,0.0,0.0
2024-07-17,600692,SELL_TIME_STOP,5.84,487952.4147222087,2849642.1019776985,0.0,0.0,64863.51448902277,0.023292162177789955
2024-07-17,002766,SELL_TRAILING_STOP,4.86,529167.122634791,2571752.216005084,0.0,0.0,-151019.00512874278,-0.055465183397176765
2024-07-17,603626,BUY,5.245690000000001,516747.49346442346,2710697.158991392,0.0,8107.768172456806,0.0,0.0
2024-07-18,600676,SELL_TIME_STOP,4.04,861786.4568623739,3481617.2857239903,0.0,0.0,758846.0645901633,0.2787035718242099
2024-07-18,603626,SELL_STOP_DYNAMIC,5.1,516747.49346442346,2635412.2166685592,0.0,0.0,-75284.94232283236,-0.027773276728133234
2024-07-18,603389,BUY,5.235659999999999,562025.7147703723,2942575.5537946466,0.0,8801.32269330403,0.0,0.0
2024-07-18,600250,BUY,7.96382,369492.9762092372,2942575.553794647,0.0,8801.32269330403,0.0,0.0
2024-07-19,603389,SELL_TRAILING_STOP,4.89,562025.7147703723,2748305.7452271204,0.0,0.0,-194269.80856752666,-0.06602032981515216
2024-07-19,600250,SELL_TRAILING_STOP,8.48,369492.9762092372,3133300.4382543312,0.0,0.0,190724.88445968417,0.06481562868070845
2024-07-19,000004,BUY,10.832400000000002,271536.6781530747,2941393.9124253667,0.0,8797.78837215962,0.0,0.0
2024-07-22,002905,BUY,6.07818,483926.7531440935,2941393.912425366,0.0,8797.788372159619,0.0,0.0
2024-07-23,000004,SELL_TRAILING_STOP,11.92,271536.6781530747,3236717.2035846505,0.0,0.0,295323.2911592836,0.10040249621505826
2024-07-23,002905,SELL_STOP_DYNAMIC,5.85,483926.7531440935,2830971.505892947,0.0,0.0,-110422.40653241928,-0.037540842818080455
2024-07-23,002861,BUY,9.89961,303348.0652908874,3003027.5406343215,0.0,8982.136213263175,0.0,0.0
2024-07-24,000572,BUY,3.3700799999999997,891084.9417919816,3003027.540634321,0.0,8982.136213263175,0.0,0.0
2024-07-24,002355,BUY,5.13536,584774.4930509878,3003027.540634321,0.0,8982.136213263173,0.0,0.0
2024-07-25,002861,SELL_TIME_STOP,10.32,303348.0652908874,3130552.033801958,0.0,0.0,127524.4931676365,0.04246530923945491
2024-07-25,002355,SELL_TRAILING_STOP,5.25,584774.4930509878,3070066.0885176864,0.0,0.0,67038.54788336503,0.022323654037886165
2024-07-25,002861,BUY,9.93973,311910.79246215156,3100309.061159822,0.0,9273.107859899766,0.0,0.0
2024-07-25,600734,BUY,2.6178299999999997,1184304.962950162,3100309.0611598217,0.0,9273.107859899768,0.0,0.0
2024-07-26,000572,SELL_TIME_STOP,3.82,891084.9417919816,3403944.4776453692,0.0,0.0,400916.93701104843,0.13350424915728998
2024-07-26,002861,SELL_TRAILING_STOP,10.17,311910.79246215156,3172132.7593400814,0.0,0.0,71823.69818025935,0.023166625250383932
2024-07-26,002806,BUY,9.9297,331131.7178255864,3288038.6184927253,0.0,9834.612019419916,0.0,0.0
2024-07-29,600734,SELL_TIME_STOP,2.64,1184304.962950162,3126565.1021884275,0.0,0.0,26256.041028605643,0.008468846334559688
2024-07-29,002806,SELL_TRAILING_STOP,10.17,331131.7178255864,3367609.5702862134,0.0,0.0,79570.95179348825,0.024200126892051088
2024-07-31,603106,BUY,4.50347,724050.0688704019,3260737.763655789,0.0,9752.954427684315,0.0,0.0
2024-07-31,000679,BUY,3.04912,1069402.897772403,3260737.763655789,0.0,9752.954427684315,0.0,0.0
2024-08-01,603106,SELL_TRAILING_STOP,4.77,724050.0688704019,3453718.828511817,0.0,0.0,192981.06485602786,0.059183252025660105
2024-08-02,000679,SELL_TIME_STOP,3.12,1069402.897772403,3336537.041049897,0.0,0.0,75799.27739410821,0.023246051319725236
2024-08-02,600811,BUY,1.0932700000000002,3064504.8442493626,3350331.2110725013,0.0,10020.930840695417,0.0,0.0
2024-08-02,600272,BUY,10.330900000000002,324301.9689545442,3350331.2110725013,0.0,10020.930840695417,0.0,0.0
2024-08-05,600272,SELL_TRAILING_STOP,9.81,324301.9689545442,3181402.3154440788,0.0,0.0,-168928.8956284224,-0.05042155088133671
2024-08-05,603739,BUY,13.49035,242089.10541670828,3265866.7632582905,0.0,9768.295403564178,0.0,0.0
2024-08-06,600811,SELL_TRAILING_STOP,1.22,3064504.8442493626,3738695.909984222,0.0,0.0,388364.69891172106,0.11591830014543514
2024-08-06,603389,BUY,5.416200000000001,646630.7257156782,3502281.3366212565,0.0,10475.417756593988,0.0,0.0
2024-08-06,000560,BUY,2.77831,1260579.7541027663,3502281.3366212565,0.0,10475.417756593988,0.0,0.0
2024-08-07,603739,SELL_TRAILING_STOP,13.93,242089.10541670828,3372301.238454746,0.0,0.0,106434.47519645587,0.03258996245464352
2024-08-07,603389,SELL_TRAILING_STOP,5.23,646630.7257156782,3381878.6954929973,0.0,0.0,-120402.6411282595,-0.034378346442155094
2024-08-07,000560,SELL_TRAILING_STOP,2.81,1260579.7541027663,3542229.1090287734,0.0,0.0,39947.77240751694,0.011406214569288586
2024-08-07,000547,BUY,7.01097,489538.0165168071,3432136.347658839,0.0,10265.612206357446,0.0,0.0
2024-08-08,000547,SELL_TRAILING_STOP,7.8,489538.0165168071,3818396.528831095,0.0,0.0,386260.181172256,0.11254220172101714
2024-08-08,002775,BUY,2.0561499999999997,1731823.9142975586,3560889.7413829244,0.0,10650.717072929983,0.0,0.0
2024-08-12,002775,SELL_TIME_STOP,2.16,1731823.9142975586,3740739.6548827267,0.0,0.0,179849.91349980223,0.05050701553874992
2024-08-12,002482,BUY,1.7051,2123535.1079406044,3620839.712549525,0.0,10830.029050497084,0.0,0.0
2024-08-14,002482,SELL_TRAILING_STOP,1.62,2123535.1079406044,3440126.8748637796,0.0,0.0,-180712.83768574533,-0.04990909624068962
2024-08-15,002405,BUY,7.65289,465262.41720286186,3560602.09998761,0.0,10649.856729773508,0.0,0.0
2024-08-15,000670,BUY,4.8645499999999995,731948.9161356364,3560602.09998761,0.0,10649.856729773508,0.0,0.0
2024-08-16,002405,SELL_TRAILING_STOP,7.17,465262.41720286186,3335931.5313445195,0.0,0.0,-224670.56864309008,-0.06309903840248587
2024-08-16,000670,SELL_TRAILING_STOP,4.72,731948.9161356364,3454798.8841602034,0.0,0.0,-105803.21582740605,-0.029714978775015055
2024-08-16,603389,BUY,5.747190000000001,600370.6457992127,3450444.171830778,0.0,10320.371401288467,0.0,0.0
2024-08-19,603389,SELL_STOP_DYNAMIC,5.28,600370.6457992127,3169957.0098198433,0.0,0.0,-280487.16201093444,-0.0812901609308202
2024-08-19,002022,BUY,6.39914,524593.6877706171,3356948.4511604668,0.0,10040.723183929611,0.0,0.0
2024-08-19,603716,BUY,7.021,478129.6754252195,3356948.4511604663,0.0,10040.723183929611,0.0,0.0
2024-08-19,600843,BUY,8.10424,414221.2534624426,3356948.4511604663,0.0,10040.72318392961,0.0,0.0
2024-08-20,002022,SELL_TRAILING_STOP,6.14,524593.6877706171,3221005.242911589,0.0,0.0,-135943.2082488779,-0.04049606665895733
2024-08-20,600843,SELL_TRAILING_STOP,8.11,414221.2534624426,3359334.3655804093,0.0,0.0,2385.9144199431125,0.0007107390699188088
2024-08-20,000016,BUY,2.5977699999999997,1266536.2230859543,3290169.804245999,0.0,9840.986453377865,0.0,0.0
2024-08-21,603716,SELL_TRAILING_STOP,7.18,478129.6754252195,3432971.069553076,0.0,0.0,76022.61839260982,0.022646346674262796
2024-08-21,002168,BUY,2.96888,1132268.881497244,3361570.436899537,0.0,10054.547667695526,0.0,0.0
2024-08-21,002713,BUY,2.62786,1279204.5378747487,3361570.436899537,0.0,10054.547667695526,0.0,0.0
2024-08-22,000016,SELL_TRAILING_STOP,2.61,1266536.2230859543,3305659.542254341,0.0,0.0,15489.738008341455,0.004707884069798496
2024-08-22,002168,SELL_TRAILING_STOP,2.78,1132268.881497244,3147707.490562338,0.0,0.0,-213862.9463371996,-0.06361995095793704
2024-08-22,002713,SELL_TRAILING_STOP,2.73,1279204.5378747487,3492228.388398064,0.0,0.0,130657.9514985267,0.03886812843911014
2024-08-23,002888,BUY,16.06806,206322.2612896795,3315198.4737382475,0.0,9915.847877581997,0.0,0.0
2024-08-26,000545,BUY,1.9558499999999999,1695016.7312105978,3315198.4737382475,0.0,9915.847877581997,0.0,0.0
2024-08-27,002888,SELL_TRAILING_STOP,15.4,206322.2612896795,3177362.8238610644,0.0,0.0,-137835.64987718302,-0.041576892294402645
2024-08-27,000545,SELL_TRAILING_STOP,1.9,1695016.7312105978,3220531.789300136,0.0,0.0,-94666.68443811181,-0.028555359562338567
2024-08-29,002246,BUY,9.24766,350109.9408534861,3237697.6956331492,0.0,9684.040964007429,0.0,0.0
2024-08-29,603990,BUY,7.8233999999999995,413847.9044447618,3237697.6956331492,0.0,9684.040964007427,0.0,0.0
2024-08-30,600811,BUY,1.48444,2181090.3072088803,3237697.69563315,0.0,9684.040964007429,0.0,0.0
2024-09-02,002246,SELL_TRAILING_STOP,9.33,350109.9408534861,3266525.748163026,0.0,0.0,28828.052529876153,0.008903874061113815
2024-09-02,603990,SELL_TIME_STOP,8.11,413847.9044447618,3356306.505047018,0.0,0.0,118608.80941386872,0.03663368867755712
2024-09-02,600811,SELL_TRAILING_STOP,1.55,2181090.3072088803,3380689.9761737646,0.0,0.0,142992.28054061433,0.04416480288863145
2024-09-02,002800,BUY,9.04706,368573.5929456202,3334507.4097946025,0.0,9973.601425108482,0.0,0.0
2024-09-02,603389,BUY,5.96785,558745.1778772259,3334507.409794603,0.0,9973.601425108483,0.0,0.0
2024-09-02,002369,BUY,4.2126,791555.6686594033,3334507.4097946025,0.0,9973.601425108482,0.0,0.0
2024-09-03,002800,SELL_TRAILING_STOP,9.05,368573.5929456202,3335591.0161578627,0.0,0.0,1083.6063632603477,0.0003249674479886
2024-09-04,603389,SELL_TRAILING_STOP,5.87,558745.1778772259,3279834.194139316,0.0,0.0,-54673.21565528667,-0.016396189582512988
2024-09-04,002369,SELL_TRAILING_STOP,4.97,791555.6686594033,3934031.6732372344,0.0,0.0,599524.2634426318,0.17979395147889665
2024-09-04,000158,BUY,7.48238,469968.86389688903,3516485.6278448044,0.0,10517.903174012377,0.0,0.0
2024-09-04,002370,BUY,3.05915,1149497.6146461614,3516485.6278448044,0.0,10517.903174012377,0.0,0.0
2024-09-05,000158,SELL_STOP_DYNAMIC,7.11,469968.86389688903,3341478.622306881,0.0,0.0,-175007.0055379234,-0.04976758731847353
2024-09-05,603122,BUY,5.86755,584397.5978178018,3428982.1250758423,0.0,10256.17784170242,0.0,0.0
2024-09-06,002370,SELL_TRAILING_STOP,2.81,1149497.6146461614,3230088.2971557137,0.0,0.0,-286397.3306890908,-0.08144419201412145
2024-09-06,603122,SELL_TRAILING_STOP,5.87,584397.5978178018,3430413.899190496,0.0,0.0,1431.7741146539108,0.0004175507665040712
2024-09-06,603256,BUY,7.321899999999999,459329.05946189066,3363161.440474017,0.0,10059.306402215405,0.0,0.0
2024-09-09,603256,SELL_TRAILING_STOP,6.91,459329.05946189066,3173963.8008816647,0.0,0.0,-189197.63959235244,-0.056255889864652575
2024-09-11,002805,BUY,10.88255,303246.5332674695,3300095.5606099004,0.0,9870.674657856132,0.0,0.0
2024-09-12,002805,SELL_STOP_DYNAMIC,11.0,303246.5332674695,3335711.8659421643,0.0,0.0,35616.305332264244,0.010792507270814378
2024-09-18,600981,BUY,1.84552,1794598.629322533,3311967.6623873212,0.0,9906.184433860384,0.0,0.0
2024-09-20,600981,SELL_TIME_STOP,1.81,1794598.629322533,3248223.519073785,0.0,0.0,-63744.14331353637,-0.019246608002080667
2024-09-20,000793,BUY,1.3640800000000002,2412409.546812608,3290719.6146161426,0.0,9842.63095099544,0.0,0.0
2024-09-24,000793,SELL_TIME_STOP,1.42,2412409.546812608,3425621.556473903,0.0,0.0,134901.94185776042,0.04099466306961452
2024-09-24,002031,BUY,2.67801,1245584.1944461484,3335686.9285687297,0.0,9977.129397513649,0.0,0.0
2024-09-25,002031,SELL_TRAILING_STOP,2.7,1245584.1944461484,3363077.325004601,0.0,0.0,27390.396435871022,0.008211321092901125
2024-09-25,000020,BUY,13.6408,245206.81050334437,3344817.06071402,0.0,10004.437868536452,0.0,0.0
2024-09-25,601096,BUY,4.403169999999999,759638.4106709531,3344817.06071402,0.0,10004.437868536452,0.0,0.0
2024-09-26,002861,BUY,11.664890000000002,286742.27195575956,3344817.0607140204,0.0,10004.437868536452,0.0,0.0
2024-09-27,000020,SELL_TIME_STOP,14.54,245206.81050334437,3565307.024718627,0.0,0.0,220489.96400460694,0.06591988739663357
2024-09-27,601096,SELL_TIME_STOP,4.65,759638.4106709531,3532318.6096199322,0.0,0.0,187501.54890591212,0.0560573405069531
2024-09-27,000678,BUY,5.1152999999999995,693764.3573532891,3548812.81716928,0.0,10614.594667505324,0.0,0.0
2024-09-27,000514,BUY,4.012,884549.5556254437,3548812.81716928,0.0,10614.594667505324,0.0,0.0
2024-09-30,002861,SELL_TIME_STOP,13.4,286742.27195575956,3842346.444207178,0.0,0.0,497529.3834931576,0.14874636623234316
2024-10-08,000678,SELL_TRAILING_STOP,5.9,693764.3573532891,4093209.7083844063,0.0,0.0,544396.8912151266,0.15340253748558275
2024-10-08,000514,SELL_TRAILING_STOP,4.49,884549.5556254437,3971627.5047582425,0.0,0.0,422814.68758896267,0.11914257228315073
2024-10-08,002513,BUY,4.4934400000000005,883301.2611977925,3969061.219116609,0.0,11871.568950498333,0.0,0.0
2024-10-09,002513,SELL_TRAILING_STOP,3.84,883301.2611977925,3391876.842999523,0.0,0.0,-577184.3761170862,-0.14542088021649346
2024-10-11,603588,BUY,5.18551,728311.4731391089,3776666.4270775802,0.0,11296.110948387579,0.0,0.0
2024-10-14,603588,SELL_STOP_DYNAMIC,5.61,728311.4731391089,4085827.364310401,0.0,0.0,309160.93723282067,0.08186080057699252
2024-10-14,002443,BUY,6.86052,565513.9949773273,3879720.0728218537,0.0,11604.347176934756,0.0,0.0
2024-10-15,002443,SELL_STOP_DYNAMIC,6.68,565513.9949773273,3777633.4864485464,0.0,0.0,-102086.58637330738,-0.026312874242768847
2024-10-15,002653,BUY,38.32463,100345.16212413317,3845691.210697418,0.0,11502.565934289387,0.0,0.0
2024-10-15,002537,BUY,6.16845,623445.3080915656,3845691.210697418,0.0,11502.565934289387,0.0,0.0
2024-10-15,002427,BUY,3.44029,1117839.2550329822,3845691.2106974185,0.0,11502.565934289387,0.0,0.0
2024-10-16,002653,SELL_TRAILING_STOP,36.06,100345.16212413317,3618446.5461962423,0.0,0.0,-227244.6645011754,-0.05909072051054365
2024-10-16,002427,SELL_STOP_DYNAMIC,3.3,1117839.2550329822,3688869.541608841,0.0,0.0,-156821.66908857736,-0.04077853901851303
2024-10-16,600992,BUY,17.42211,209713.86611050795,3653658.0439025415,0.0,10928.18956301857,0.0,0.0
2024-10-16,000151,BUY,12.48735,292588.7433204436,3653658.0439025415,0.0,10928.18956301857,0.0,0.0
2024-10-17,002537,SELL_TRAILING_STOP,7.07,623445.3080915656,4407758.328207369,0.0,0.0,562067.1175099511,0.1461550308424322
2024-10-17,600992,SELL_TRAILING_STOP,17.8,209713.86611050795,3732906.8167670416,0.0,0.0,79248.7728645,0.02169025450993023
2024-10-17,000151,SELL_TRAILING_STOP,12.04,292588.7433204436,3522768.469578141,0.0,0.0,-130889.57432440048,-0.03582425414519497
2024-10-17,603860,BUY,30.07997,129249.17161988029,3887811.2048508506,0.0,11628.54797064063,0.0,0.0
2024-10-18,600601,BUY,3.60077,1079716.6175153789,3887811.2048508506,0.0,11628.547970640631,0.0,0.0
2024-10-18,600577,BUY,5.63686,689712.2165267277,3887811.20485085,0.0,11628.547970640628,0.0,0.0
2024-10-21,603860,SELL_TIME_STOP,31.5,129249.17161988029,4071348.9060262293,0.0,0.0,183537.7011753787,0.04720849123187287
2024-10-21,600577,SELL_TRAILING_STOP,5.79,689712.2165267277,3993433.7336897533,0.0,0.0,105622.5288389028,0.027167607497791346
2024-10-21,600807,BUY,3.40017,1185938.1501095507,4032391.3198579913,0.0,12060.990986614132,0.0,0.0
2024-10-21,002231,BUY,6.018,670055.0548118962,4032391.319857991,0.0,12060.990986614133,0.0,0.0
2024-10-22,600601,SELL_TRAILING_STOP,4.05,1079716.6175153789,4372852.300937284,0.0,0.0,485041.0960864337,0.12475942645600813
2024-10-22,600807,SELL_TRAILING_STOP,3.57,1185938.1501095507,4233799.195891095,0.0,0.0,201407.87603310464,0.04994750262486858
2024-10-22,002231,SELL_TRAILING_STOP,6.65,670055.0548118962,4455866.11449911,0.0,0.0,423474.79464111873,0.10501827849783996
2024-10-22,002793,BUY,4.97488,875231.6713386379,4354172.537109163,0.0,13023.447269518932,0.0,0.0
2024-10-22,600889,BUY,6.5195,667869.0907445606,4354172.537109163,0.0,13023.44726951893,0.0,0.0
2024-10-22,000697,BUY,8.18448,532003.5649313289,4354172.537109163,0.0,13023.447269518932,0.0,0.0
2024-10-23,002793,SELL_TRAILING_STOP,4.77,875231.6713386379,4174855.0722853024,0.0,0.0,-179317.4648238603,-0.04118290290419069
2024-10-23,000697,SELL_TRAILING_STOP,8.19,532003.5649313289,4357109.196787584,0.0,0.0,2936.6596784203284,0.0006744472464956797
2024-10-23,600611,BUY,8.6258,494560.7519924463,4265982.134536443,0.0,12759.667401405115,0.0,0.0
2024-10-23,603626,BUY,9.648859999999999,442122.91758160485,4265982.134536443,0.0,12759.667401405115,0.0,0.0
2024-10-24,600889,SELL_TRAILING_STOP,6.46,667869.0907445606,4314434.326209862,0.0,0.0,-39738.21089930128,-0.009126466753585416
2024-10-24,603626,SELL_TRAILING_STOP,9.18,442122.91758160485,4058688.3833991326,0.0,0.0,-207293.751137311,-0.0485922689312519
2024-10-24,000627,BUY,3.46035,1209866.4455342658,4186561.3548044967,0.0,12522.117711279654,0.0,0.0
2024-10-24,002777,BUY,19.2576,217397.8769319384,4186561.3548044967,0.0,12522.117711279652,0.0,0.0
2024-10-25,600611,SELL_TIME_STOP,8.57,494560.7519924463,4238385.644575265,0.0,0.0,-27596.48996117832,-0.006468965197430898
2024-10-25,001301,BUY,55.53611,76317.65430771558,4238385.644575266,0.0,12677.125557054636,0.0,0.0
2024-10-28,000627,SELL_TIME_STOP,3.69,1209866.4455342658,4464407.184021441,0.0,0.0,277845.82921694405,0.06636611903420175
2024-10-28,002777,SELL_TRAILING_STOP,22.38,217397.8769319384,4865364.485736781,0.0,0.0,678803.1309322843,0.16213858424725824
2024-10-28,001301,SELL_TRAILING_STOP,62.92,76317.65430771558,4801906.809041465,0.0,0.0,563521.1644661981,0.13295655745424018
2024-10-28,000099,BUY,22.29669,211267.21019726378,4710559.49293323,0.0,14089.410248055521,0.0,0.0
2024-10-28,603955,BUY,10.471319999999999,449853.45619589795,4710559.49293323,0.0,14089.410248055525,0.0,0.0
2024-10-29,603955,SELL_TRAILING_STOP,9.73,449853.45619589795,4377074.128786087,0.0,0.0,-333485.3641471423,-0.07079527700423616
2024-10-29,000980,BUY,2.36708,1919587.344263674,4543816.810859658,0.0,13590.678397386811,0.0,0.0
2024-10-29,002178,BUY,5.53656,820693.1399388172,4543816.810859658,0.0,13590.678397386811,0.0,0.0
2024-10-30,000099,SELL_TIME_STOP,24.08,211267.21019726378,5087314.421550111,0.0,0.0,376754.9286168818,0.07998092990484218
2024-10-30,000980,SELL_TRAILING_STOP,2.21,1919587.344263674,4242288.030822719,0.0,0.0,-301528.78003693814,-0.06636024130996843
2024-10-30,002189,BUY,25.4762,183104.27874590462,4664801.226186415,0.0,13952.546040437934,0.0,0.0
2024-10-30,603773,BUY,25.115119999999997,185736.7683764368,4664801.226186415,0.0,13952.546040437932,0.0,0.0
2024-10-31,002178,SELL_TIME_STOP,7.34,820693.1399388172,6023887.647150919,0.0,0.0,1480070.8362912608,0.3257329460892684
2024-10-31,603773,SELL_TRAILING_STOP,26.17,185736.7683764368,4860731.228411351,0.0,0.0,195930.00222493644,0.0420017901566867
2024-10-31,000810,BUY,13.87149,392337.7688900857,5442309.437781135,0.0,16278.094031249655,0.0,0.0
2024-10-31,605178,BUY,18.19442,299119.69921443687,5442309.437781135,0.0,16278.094031249655,0.0,0.0
2024-11-01,002189,SELL_TRAILING_STOP,23.78,183104.27874590462,4354219.748577612,0.0,0.0,-310581.47760880296,-0.06657978819447163
2024-11-01,000810,SELL_TRAILING_STOP,12.83,392337.7688900857,5033693.5748598,0.0,0.0,-408615.86292133515,-0.07508133589109744
2024-11-01,605178,SELL_TRAILING_STOP,18.68,299119.69921443687,5587555.98132568,0.0,0.0,145246.5435445459,0.026688402268387756
2024-11-01,600571,BUY,13.60068,367027.464919967,4991823.101587697,0.0,14930.677272944258,0.0,0.0
2024-11-01,600239,BUY,3.1093,1605449.169133791,4991823.101587697,0.0,14930.677272944258,0.0,0.0
2024-11-01,000882,BUY,1.82546,2734556.2770960177,4991823.101587697,0.0,14930.677272944258,0.0,0.0
2024-11-04,600571,SELL_TRAILING_STOP,12.58,367027.464919967,4617205.508693185,0.0,0.0,-374617.5928945121,-0.0750462476876157
2024-11-04,600239,SELL_TRAILING_STOP,3.26,1605449.169133791,5233764.291376159,0.0,0.0,241941.1897884617,0.04846750072363548
2024-11-04,000882,SELL_TRAILING_STOP,1.83,2734556.2770960177,5004237.987085713,0.0,0.0,12414.885498015889,0.002487044361421331
2024-11-04,000826,BUY,2.2266600000000003,2223840.159275186,4951735.929051686,0.0,14810.77546077274,0.0,0.0
2024-11-04,003001,BUY,36.108,137136.80982196983,4951735.929051686,0.0,14810.775460772742,0.0,0.0
2024-11-04,000721,BUY,8.85649,559108.1714145994,4951735.929051686,0.0,14810.775460772738,0.0,0.0
2024-11-06,000826,SELL_TIME_STOP,2.39,2223840.159275186,5314977.9806676945,0.0,0.0,363242.05161600845,0.0733565070554103
2024-11-06,003001,SELL_TIME_STOP,40.7,137136.80982196983,5581468.159754173,0.0,0.0,629732.2307024862,0.12717403345519007
2024-11-06,000721,SELL_TIME_STOP,9.65,559108.1714145994,5395393.854150885,0.0,0.0,443657.9250991985,0.08959644283457657
2024-11-06,002076,BUY,2.19657,2472315.169343226,5430613.33152425,0.0,16243.110662584997,0.0,0.0
2024-11-06,002992,BUY,61.283300000000004,88614.89723177848,5430613.33152425,0.0,16243.110662584997,0.0,0.0
2024-11-06,600864,BUY,7.50244,723846.2862114526,5430613.33152425,0.0,16243.110662584997,0.0,0.0
2024-11-08,002076,SELL_TRAILING_STOP,2.32,2472315.169343226,5735771.192876284,0.0,0.0,305157.8613520342,0.05619215413121359
2024-11-08,002992,SELL_TIME_STOP,66.06,88614.89723177848,5853900.111131286,0.0,0.0,423286.7796070361,0.07794456238485847
2024-11-08,600864,SELL_TRAILING_STOP,7.39,723846.2862114526,5349224.055102634,0.0,0.0,-81389.27642161596,-0.014987124188930556
2024-11-08,600400,BUY,2.76828,2039641.3849165316,5646298.453036736,0.0,16888.23066710888,0.0,0.0
2024-11-08,600816,BUY,3.78131,1493212.2605754978,5646298.453036736,0.0,16888.23066710888,0.0,0.0
2024-11-11,002173,BUY,10.10021,559027.8274448485,5646298.453036734,0.0,16888.230667108874,0.0,0.0
2024-11-12,600400,SELL_TRAILING_STOP,2.71,2039641.3849165316,5527428.153123801,0.0,0.0,-118870.29991293524,-0.021052783677951603
2024-11-12,600816,SELL_TRAILING_STOP,3.89,1493212.2605754978,5808595.693638686,0.0,0.0,162297.2406019511,0.028744006706670433
2024-11-12,002173,SELL_TRAILING_STOP,10.33,559027.8274448485,5774757.457505285,0.0,0.0,128459.00446855146,0.022751012107669055
2024-11-12,600149,BUY,5.1152999999999995,1115006.6991357803,5703593.768089256,0.0,17059.60249677744,0.0,0.0
2024-11-13,002607,BUY,3.56065,1601840.6100260506,5703593.768089257,0.0,17059.60249677744,0.0,0.0
2024-11-13,600981,BUY,2.8284599999999998,2016501.477160454,5703593.768089257,0.0,17059.602496777443,0.0,0.0
2024-11-14,600149,SELL_TRAILING_STOP,4.88,1115006.6991357803,5441232.691782608,0.0,0.0,-262361.07630664867,-0.04599925713056896
2024-11-14,002607,SELL_TRAILING_STOP,3.47,1601840.6100260506,5558386.916790396,0.0,0.0,-145206.85129886097,-0.025458834763315563
2024-11-14,600981,SELL_TRAILING_STOP,2.69,2016501.477160454,5424388.973561621,0.0,0.0,-279204.7945276361,-0.048952433479702684
2024-11-14,605003,BUY,19.91958,274838.60238911706,5474669.527378208,0.0,16374.883930343594,0.0,0.0
2024-11-14,600626,BUY,4.3129,1269370.8473134572,5474669.527378209,0.0,16374.883930343598,0.0,0.0
2024-11-14,601136,BUY,25.075,218331.78573791462,5474669.527378209,0.0,16374.883930343596,0.0,0.0
2024-11-15,605003,SELL_TRAILING_STOP,19.08,274838.60238911706,5243920.5335843535,0.0,0.0,-230748.99379385533,-0.042148479034196606
2024-11-15,600626,SELL_STOP_DYNAMIC,3.98,1269370.8473134572,5052095.972307559,0.0,0.0,-422573.55507064983,-0.07718704352060102
2024-11-15,601136,SELL_TRAILING_STOP,22.82,218331.78573791462,4982331.350539211,0.0,0.0,-492338.1768389972,-0.08993020937188434
2024-11-15,600903,BUY,8.024,634693.746112958,5092782.618810374,0.0,15232.64990671099,0.0,0.0
2024-11-15,600676,BUY,4.56365,1115945.0481106953,5092782.618810374,0.0,15232.64990671099,0.0,0.0
2024-11-15,003001,BUY,37.50217,135799.6782268966,5092782.618810374,0.0,15232.64990671099,0.0,0.0
2024-11-18,600903,SELL_TRAILING_STOP,7.92,634693.746112958,5026774.469214627,0.0,0.0,-66008.14959574712,-0.012961116650049731
2024-11-18,003001,SELL_STOP_DYNAMIC,37.0,135799.6782268966,5024588.094395174,0.0,0.0,-68194.5244152006,-0.013390425140731854
2024-11-18,002261,BUY,24.25254,207222.88394555377,5025681.281804901,0.0,15031.948001410472,0.0,0.0
2024-11-18,603193,BUY,23.92155,210090.1188177564,5025681.281804901,0.0,15031.94800141047,0.0,0.0
2024-11-19,600676,SELL_TIME_STOP,6.06,1115945.0481106953,6762626.991550813,0.0,0.0,1669844.3727404384,0.3278844784328332
2024-11-19,002261,SELL_STOP_DYNAMIC,23.15,207222.88394555377,4797209.76333957,0.0,0.0,-228471.5184653311,-0.04546080534245078
2024-11-19,603193,SELL_STOP_DYNAMIC,23.8,210090.1188177564,5000144.827862603,0.0,0.0,-25536.45394229811,-0.00508119248125638
2024-11-19,603324,BUY,27.963639999999998,197398.9745583072,5519993.860917661,0.0,16510.450232056814,0.0,0.0
2024-11-19,002981,BUY,23.4702,235191.59874724806,5519993.860917661,0.0,16510.450232056814,0.0,0.0
2024-11-19,603535,BUY,12.44723,443471.6688707176,5519993.860917661,0.0,16510.450232056814,0.0,0.0
2024-11-20,603324,SELL_TRAILING_STOP,31.05,197398.9745583072,6129238.160035439,0.0,0.0,609244.2991177776,0.11037046679187701
2024-11-20,002208,BUY,9.01697,679744.7657068215,6129238.160035438,0.0,18332.716331112977,0.0,0.0
2024-11-21,002981,SELL_TRAILING_STOP,27.54,235191.59874724806,6477176.629499212,0.0,0.0,957182.7685815503,0.17340286831812257
2024-11-21,603535,SELL_TIME_STOP,12.33,443471.6688707176,5468005.677175947,0.0,0.0,-51988.1837417139,-0.009418159703002082
2024-11-21,000906,BUY,7.2216000000000005,827045.4128361554,5972591.15333758,0.0,17864.180917260957,0.0,0.0
2024-11-22,002208,SELL_TIME_STOP,9.84,679744.7657068215,6688688.494555123,0.0,0.0,559450.3345196848,0.09127567242654666
2024-11-22,000906,SELL_TRAILING_STOP,6.67,827045.4128361554,5516392.903617157,0.0,0.0,-456198.2497204238,-0.07638196521546481
2024-11-22,002547,BUY,4.92473,1230366.778247055,6059224.183836619,0.0,18123.302643579118,0.0,0.0
2024-11-25,000099,BUY,28.65571,211449.10329692124,6059224.183836618,0.0,18123.30264357912,0.0,0.0
2024-11-25,603110,BUY,16.49935,367240.17514851305,6059224.183836618,0.0,18123.302643579118,0.0,0.0
2024-11-26,002547,SELL_TRAILING_STOP,4.74,1230366.778247055,5831938.528891041,0.0,0.0,-227285.6549455785,-0.03751068586501194
2024-11-26,000099,SELL_STOP_DYNAMIC,26.47,211449.10329692124,5597057.764269505,0.0,0.0,-462166.4195671138,-0.07627485063186357
2024-11-26,603110,SELL_TRAILING_STOP,17.85,367240.17514851305,6555237.126400959,0.0,0.0,496012.9425643398,0.08186080057699252
2024-11-26,002912,BUY,28.69583,208906.4673573536,5994744.473187168,0.0,17930.44209328166,0.0,0.0
2024-11-26,000503,BUY,13.26969,451762.2094553202,5994744.473187168,0.0,17930.44209328166,0.0,0.0
2024-11-26,002975,BUY,35.726859999999995,167793.76841925568,5994744.473187168,0.0,17930.44209328166,0.0,0.0
2024-11-27,000503,SELL_STOP_DYNAMIC,12.38,451762.2094553202,5592816.153056865,0.0,0.0,-401928.3201303038,-0.06704678104763562
2024-11-27,002975,SELL_TRAILING_STOP,32.72,167793.76841925568,5490212.102678046,0.0,0.0,-504532.3705091225,-0.08416244808527806
2024-11-27,002296,BUY,9.889579999999999,560338.672407469,5541514.1278674565,0.0,16574.817929812933,0.0,0.0
2024-11-27,002331,BUY,8.33493,664854.3092584409,5541514.1278674565,0.0,16574.817929812933,0.0,0.0
2024-11-28,002912,SELL_TRAILING_STOP,30.91,208906.4673573536,6457298.906015799,0.0,0.0,462554.4328286315,0.07715999153884034
2024-11-28,002296,SELL_TRAILING_STOP,10.65,560338.672407469,5967606.861139545,0.0,0.0,426092.7332720885,0.07689103076167059
2024-11-28,002331,SELL_TRAILING_STOP,8.33,664854.3092584409,5538236.396122812,0.0,0.0,-3277.731744644033,-0.0005914866711538291
2024-11-28,603703,BUY,12.95876,462059.1827015897,5987714.054426053,0.0,17909.41392151362,0.0,0.0
2024-11-28,002777,BUY,20.942639999999997,285910.18393220974,5987714.054426052,0.0,17909.413921513617,0.0,0.0
2024-11-28,001339,BUY,39.919399999999996,149995.0914699633,5987714.054426053,0.0,17909.41392151362,0.0,0.0
2024-12-02,603703,SELL_TIME_STOP,12.71,462059.1827015897,5872772.2121372055,0.0,0.0,-114941.842288847,-0.019196281125663184
2024-12-02,002777,SELL_TIME_STOP,21.13,285910.18393220974,6041282.186487592,0.0,0.0,53568.13206153931,0.008946341053468032
2024-12-02,001339,SELL_TIME_STOP,40.15,149995.0914699633,6022302.922519027,0.0,0.0,34588.86809297393,0.005776639929457872
2024-12-02,002654,BUY,15.60668,383091.4565887562,5978785.773714609,0.0,17882.70919356314,0.0,0.0
2024-12-02,600682,BUY,7.50244,796912.1744012095,5978785.773714609,0.0,17882.70919356314,0.0,0.0
2024-12-02,002195,BUY,3.76125,1589574.1505389458,5978785.773714609,0.0,17882.70919356314,0.0,0.0
2024-12-03,002654,SELL_TRAILING_STOP,15.56,383091.4565887562,5960903.064521046,0.0,0.0,-17882.709193563245,-0.0029910269192422456
2024-12-03,600556,BUY,5.9177,1007300.6513545882,5960903.064521046,0.0,17829.221528976213,0.0,0.0
2024-12-04,600682,SELL_TRAILING_STOP,7.46,796912.1744012095,5944964.821033022,0.0,0.0,-33820.952681587354,-0.005656826312506302
2024-12-04,002195,SELL_TIME_STOP,4.91,1589574.1505389458,7804809.079146224,0.0,0.0,1826023.3054316142,0.3054170820870721
2024-12-04,600556,SELL_TRAILING_STOP,5.57,1007300.6513545882,5610664.628045057,0.0,0.0,-350238.43647599,-0.05875593558308123
2024-12-04,003005,BUY,32.04585,201382.69103200885,6453479.509408101,0.0,19302.53093541805,0.0,0.0
2024-12-04,002356,BUY,4.17248,1546677.1582867026,6453479.509408101,0.0,19302.53093541805,0.0,0.0
2024-12-04,002829,BUY,22.4672,287240.04368181626,6453479.509408101,0.0,19302.53093541805,0.0,0.0
2024-12-05,002829,SELL_TRAILING_STOP,23.39,287240.04368181626,6718544.621717682,0.0,0.0,265065.11230958067,0.041073208944594874
2024-12-05,600280,BUY,4.2126,1594868.8747371414,6718544.621717682,0.0,20095.34782168798,0.0,0.0
2024-12-06,003005,SELL_TIME_STOP,32.52,201382.69103200885,6548965.112360928,0.0,0.0,95485.60295282732,0.014795987623982487
2024-12-06,002356,SELL_TIME_STOP,4.31,1546677.1582867026,6666178.552215688,0.0,0.0,212699.04280758643,0.032958815860111734
2024-12-06,600280,SELL_STOP_DYNAMIC,4.16,1594868.8747371414,6634654.518906509,0.0,0.0,-83890.10281117361,-0.012486350472392327
2024-12-06,002638,BUY,3.08924,2141821.0933738956,6616599.394494373,0.0,19790.426902774794,0.0,0.0
2024-12-06,002076,BUY,2.8685799999999997,2306576.562094965,6616599.394494374,0.0,19790.426902774798,0.0,0.0
2024-12-06,000793,BUY,3.0992699999999997,2134889.6335247895,6616599.394494373,0.0,19790.426902774798,0.0,0.0
2024-12-09,002638,SELL_TRAILING_STOP,2.93,2141821.0933738956,6275535.803585514,0.0,0.0,-341063.5909088592,-0.05154665872512332
2024-12-09,000793,SELL_TRAILING_STOP,3.3,2134889.6335247895,7045135.790631805,0.0,0.0,428536.39613743115,0.06476686445517821
2024-12-09,600654,BUY,4.413200000000001,1509185.125783708,6660335.797108661,0.0,19921.243660344946,0.0,0.0
2024-12-09,600981,BUY,3.1193299999999997,2135181.5284399735,6660335.797108662,0.0,19921.243660344953,0.0,0.0
2024-12-10,002076,SELL_TIME_STOP,3.48,2306576.562094965,8026886.436090479,0.0,0.0,1410287.0415961042,0.21314378542693602
2024-12-10,600654,SELL_TRAILING_STOP,4.28,1509185.125783708,6459312.33835427,0.0,0.0,-201023.45875439054,-0.0301821807305358
2024-12-10,002094,BUY,8.01397,903809.1466804061,7243099.387222374,0.0,21664.305245929336,0.0,0.0
2024-12-10,002047,BUY,3.7111,1951739.211344985,7243099.387222374,0.0,21664.305245929336,0.0,0.0
2024-12-11,600981,SELL_TIME_STOP,3.2,2135181.5284399735,6832580.891007915,0.0,0.0,172245.09389925364,0.025861322784059615
2024-12-11,002094,SELL_TRAILING_STOP,7.37,903809.1466804061,6661073.411034592,0.0,0.0,-582025.9761877814,-0.0803559284599269
2024-12-11,002047,SELL_TRAILING_STOP,3.51,1951739.211344985,6850604.631820898,0.0,0.0,-392494.75540147704,-0.05418878499636237
2024-12-11,603332,BUY,10.722069999999999,632472.987456819,6781419.644621135,0.0,20283.40870774019,0.0,0.0
2024-12-11,000980,BUY,2.8685799999999997,2364033.6489207675,6781419.644621135,0.0,20283.408707740182,0.0,0.0
2024-12-11,600666,BUY,2.8485199999999997,2380681.773208942,6781419.644621134,0.0,20283.408707740182,0.0,0.0
2024-12-13,603332,SELL_TRAILING_STOP,10.41,632472.987456819,6584043.7994254865,0.0,0.0,-197375.84519564858,-0.029105387299280694
2024-12-13,000980,SELL_TRAILING_STOP,2.95,2364033.6489207675,6973899.264316265,0.0,0.0,192479.61969513004,0.028383381324557977
2024-12-13,600666,SELL_TRAILING_STOP,3.07,2380681.773208942,7308693.043751451,0.0,0.0,527273.3991303167,0.07775265752039662
2024-12-24,000635,BUY,9.1273,762059.4665634308,6955545.369164403,0.0,20804.22343718166,0.0,0.0
2024-12-24,002419,BUY,5.76725,1206041.9383873427,6955545.369164402,0.0,20804.223437181663,0.0,0.0
2024-12-24,002195,BUY,4.88461,1423971.4878289981,6955545.369164403,0.0,20804.223437181663,0.0,0.0
2024-12-25,000635,SELL_STOP_DYNAMIC,8.44,762059.4665634308,6431781.897795356,0.0,0.0,-523763.47136904637,-0.07530156782400055
2024-12-25,002195,SELL_STOP_DYNAMIC,4.38,1423971.4878289981,6236995.116691012,0.0,0.0,-718550.2524733914,-0.10330609813270664
2024-12-25,001896,BUY,4.72413,1340858.2124630744,6334388.507243183,0.0,18946.32654210324,0.0,0.0
2024-12-25,002529,BUY,10.05006,630283.6507685708,6334388.507243183,0.0,18946.326542103237,0.0,0.0
2024-12-26,002419,SELL_TIME_STOP,6.29,1206041.9383873427,7586003.792456386,0.0,0.0,630458.4232919838,0.09064112011790715
2024-12-26,002529,SELL_STOP_DYNAMIC,9.06,630283.6507685708,5710369.875963252,0.0,0.0,-624018.631279931,-0.09851284469943455
2024-12-26,603657,BUY,17.051,389900.113436738,6648186.834209818,0.0,19884.905785273637,0.0,0.0
2024-12-26,603335,BUY,5.3660499999999995,1238934.9398924385,6648186.834209819,0.0,19884.905785273637,0.0,0.0
2024-12-27,001896,SELL_TIME_STOP,4.61,1340858.2124630744,6181356.359454773,0.0,0.0,-153032.14778840987,-0.02415894566830279
2024-12-27,603657,SELL_TRAILING_STOP,16.74,389900.113436738,6526927.898930993,0.0,0.0,-121258.93527882549,-0.018239399448712668
2024-12-27,603335,SELL_TRAILING_STOP,5.86,1238934.9398924385,7260158.74776969,0.0,0.0,611971.9135598709,0.09205094995387686
2024-12-27,002404,BUY,7.05109,943988.4711042527,6656147.668718486,0.0,19908.716855588693,0.0,0.0
2024-12-27,600577,BUY,7.95379,836852.3268427361,6656147.668718486,0.0,19908.71685558869,0.0,0.0
2024-12-27,600530,BUY,4.162450000000001,1599093.7233404568,6656147.668718485,0.0,19908.71685558869,0.0,0.0
2024-12-30,002404,SELL_TRAILING_STOP,6.61,943988.4711042527,6239763.793999111,0.0,0.0,-416383.8747193748,-0.06255628562392479
2024-12-30,600577,SELL_TRAILING_STOP,8.1,836852.3268427361,6778503.847426162,0.0,0.0,122356.1787076764,0.0183824315200678
2024-12-30,000670,BUY,9.137329999999999,712367.1598500478,6509133.820712636,0.0,19468.994478701807,0.0,0.0
2024-12-30,002119,BUY,16.469260000000002,395229.2829618717,6509133.820712636,0.0,19468.994478701803,0.0,0.0
2024-12-31,600530,SELL_TIME_STOP,4.83,1599093.7233404568,7723622.683734407,0.0,0.0,1067475.015015921,0.1603742987903758
2024-12-31,000670,SELL_TRAILING_STOP,8.32,712367.1598500478,5926894.769952398,0.0,0.0,-582239.0507602383,-0.08944954379452186
2024-12-31,002119,SELL_TRAILING_STOP,15.48,395229.2829618717,6118149.300249774,0.0,0.0,-390984.5204628618,-0.06006705826491299
2024-12-31,603610,BUY,12.8384,513269.22238328186,6589555.584645526,0.0,19709.538139518027,0.0,0.0
2024-12-31,002599,BUY,8.074150000000001,816129.9436653424,6589555.584645526,0.0,19709.53813951802,0.0,0.0
2024-12-31,000678,BUY,6.91067,953533.5336002915,6589555.584645526,0.0,19709.538139518027,0.0,0.0
