date,code,open,high,low,close,volume,name,score,limit_date,wash_date,wash_turnover_rate,wash_turnover_tier,wash_turnover_min,wash_turnover_max,wash_float_market_cap,confirm_return,confirm_high_return,volume_ratio,buy_price,next_date,next_high_return,next_close_return,next_low_return,next_open_return,label_3,limit_day_return,limit_day_open_return,limit_day_amount,limit_day_turnover_rate,limit_day_vol_ratio_5,limit_day_vol_ratio_10,limit_day_vol_ratio_20,limit_day_amp,is_yizi,market_filter_ok,market_return,market_ma,limit_pool_name,limit_pool_turnover_rate,limit_pool_float_market_cap,limit_pool_total_market_cap,limit_pool_amount,limit_pool_seal_amount,limit_pool_first_limit_time,limit_pool_last_limit_time,limit_pool_open_board_count,limit_pool_prev_limit_time,limit_pool_first_limit_time_tier,limit_pool_first_limit_time_tier_rank,limit_pool_seal_strength_pct,prev_limit_time
2026-04-29,600400,2.41,2.53,2.36,2.51,128484500.0,,4.159712450617122,2026-04-27,2026-04-28,7.0090460777282715,50e_100e,4.0,15.0,5590947318.88,0.0286885245901638,0.03688524590163933,1.290859991600742,2.51,2026-04-30,0.09960159362549792,0.09960159362549792,-0.007968127490039723,-0.003984063745019806,True,0.09954751131221728,0.0,,,1.6637729908565504,2.4162889540613053,3.2270836172074673,0.1045454545454545,False,True,0.035026822341432506,16.019,,,,,,,,,,,,,,
2026-04-29,603125,22.45,22.98,22.33,22.66,17557527.0,,3.919701049759667,2026-04-27,2026-04-28,6.236504077911377,50e_100e,4.0,15.0,9108818437.5,0.007111111111111068,0.021333333333333426,3.20858993864856,22.66,2026-04-30,0.02824360105913515,-0.026037069726390083,-0.026037069726390083,-0.013239187996469615,False,0.09984639016897079,0.04966717869943671,,,1.4831327930891365,2.0890461592163216,2.5795359040025883,0.04780487804878053,False,True,0.035026822341432506,16.019,,,,,,,,,,,,,,
2026-04-29,600830,9.73,10.29,9.71,10.14,32176476.0,,3.168936188623528,2026-04-27,2026-04-28,9.786238670349121,lt_50e,5.0,20.0,4547770697.47,0.012987012987013102,0.027972027972027913,1.8702348899222176,10.14,2026-04-30,0.020710059171597628,-0.023668639053254448,-0.023668639053254448,-0.0039447731755425375,False,0.10034602076124566,0.0011534025374855261,,,3.157941383696723,4.257691911955194,4.891251425834391,0.10930232558139519,False,True,0.035026822341432506,16.019,,,,,,,,,,,,,,
2026-04-29,002154,4.03,4.13,4.0,4.11,69872869.0,,3.054017892578119,2026-04-27,2026-04-28,12.122162818908691,lt_50e,5.0,20.0,4789879711.679999,0.012315270935960854,0.017241379310344973,1.8224907989820336,4.11,2026-04-30,0.058394160583941535,0.012165450121654375,0.0048661800486617945,0.029197080291970767,True,0.09917355371900838,0.09641873278236912,,,2.8548074440627214,3.1495321028408485,4.3847323452368405,0.005037783375314797,False,True,0.035026822341432506,16.019,,,,,,,,,,,,,,
2026-04-29,600815,4.36,4.49,4.25,4.43,121204387.0,,2.498453977274098,2026-04-27,2026-04-28,11.639861106872559,50e_100e,4.0,15.0,7752792877.6,0.013729977116704761,0.027459954233409745,1.125456265603622,4.43,2026-04-30,0.013544018058690765,-0.004514672686230181,-0.02934537246049662,0.011286681715575675,False,0.10051546391752564,0.002577319587628857,,,0.822175180234142,1.1333570152927486,1.321792708050728,0.10621761658031081,False,True,0.035026822341432506,16.019,,,,,,,,,,,,,,
2026-04-29,002029,11.08,11.43,11.0,11.23,21298472.0,,2.301449052423151,2026-04-27,2026-04-28,5.713212966918945,50e_100e,4.0,15.0,7386006144.9,0.011711711711711814,0.029729729729729648,1.1302778812519698,11.23,2026-04-30,0.029385574354407806,-0.009795191451469343,-0.012466607301869992,0.008904719501335645,False,0.09980237154150218,0.06719367588932812,,,1.4883270550375336,1.7536298630782459,1.8629977801838407,0.04409005628517826,False,True,0.035026822341432506,16.019,,,,,,,,,,,,,,
2026-04-30,002715,17.11,17.88,16.93,17.5,15370500.0,,3.586998387947134,2026-04-28,2026-04-29,13.586651802062988,lt_50e,5.0,20.0,2365320000.0,0.02100350058343059,0.043173862310385,1.486648329604075,17.5,2026-05-06,0.011428571428571344,0.004571428571428449,-0.01942857142857146,-0.014857142857142902,False,0.10019267822736033,0.012845215157353929,,,2.4377024173727357,3.000414615515717,2.972859344589548,0.08900190718372536,False,True,0.0006097560975610872,16.065,,,,,,,,,,,,,,
2026-04-30,603283,53.98,55.25,53.41,53.83,16728604.0,,1.4808284521992343,2026-04-28,2026-04-29,8.491005897521973,100e_300e,3.0,10.0,14589162975.4,0.0005576208178439401,0.02695167286245348,1.4250663704148403,53.83,2026-05-06,0.06446219580159762,0.01894854170536875,0.017276611554895016,0.04922905443061487,True,0.09999999999999987,0.05633802816901401,,,1.3788673472336324,1.3305211986382053,1.362710100594997,0.041333333333333444,False,True,0.0006097560975610872,16.065,,,,,,,,,,,,,,
2026-05-06,002111,11.25,11.51,11.12,11.44,39047225.0,,6.552657524084495,2026-04-29,2026-04-30,10.906636238098145,50e_100e,4.0,15.0,5386035314.72,0.038112522686025496,0.04446460980036293,2.7414052554819452,11.44,2026-05-07,0.012237762237762295,-0.011363636363636243,-0.022727272727272707,-0.007867132867132809,False,0.10020876826722325,0.09290187891440516,,,2.190413975878056,2.8557584512112797,2.9008641855132655,0.010546500479386323,False,True,0.024680073126142732,16.286,,,,,,,,,,,,,,
2026-05-06,600111,53.12,55.55,52.51,55.52,238914749.0,,6.125129004513733,2026-04-29,2026-04-30,7.505285739898682,gte_300e,1.5,8.0,191743092259.68,0.046757164404223284,0.04732277526395179,1.4494125640914046,55.52,2026-05-07,0.01729106628242061,-0.0037824207492795914,-0.01693083573487042,0.00018011527377526093,False,0.09995682210708123,0.025474956822107098,,,1.833000898636993,1.7954154496648211,1.9482286268208227,0.07285744367235214,False,True,0.024680073126142732,16.286,,,,,,,,,,,,,,
2026-05-06,603013,20.41,20.85,20.36,20.74,11270400.0,,5.192266267684172,2026-04-29,2026-04-30,3.7466509342193604,100e_300e,3.0,10.0,10372761301.24,0.016168544830965192,0.02155805977462033,3.575411784587652,20.74,2026-05-07,0.025072324011572,0.013982642237222898,-0.005785920925747257,-0.00048216007714552145,False,0.09994508511806699,0.06919275123558477,,,1.6523838187019466,1.7017365982970492,1.7179265340278953,0.028762198253723836,False,True,0.024680073126142732,16.286,,,,,,,,,,,,,,
2026-05-06,002174,10.32,10.55,10.2,10.48,44186088.0,,4.839646293138252,2026-04-29,2026-04-30,7.156012058258057,100e_300e,3.0,10.0,10027612590.08,0.0234375,0.0302734375,2.4958962931382516,10.48,2026-05-07,0.02099236641221358,0.018129770992366456,-0.007633587786259555,-0.001908396946564861,False,0.1005405405405404,0.06486486486486487,,,1.2177957952254435,1.4409669410336943,1.7200805202534983,0.041965199590583424,False,True,0.024680073126142732,16.286,,,,,,,,,,,,,,
2026-05-06,002786,7.82,8.05,7.76,8.05,28675804.0,,4.7692984338471796,2026-04-29,2026-04-30,8.974675178527832,lt_50e,5.0,20.0,3873838080.0,0.026785714285714413,0.026785714285714413,2.0907270052757387,8.05,2026-05-07,0.001242236024844745,-0.011180124223602594,-0.018633540372670843,-0.006211180124223725,False,0.10056657223796028,0.04532577903682733,,,2.059810655870369,2.7727265816648656,3.109559034846991,0.05284552845528445,False,True,0.024680073126142732,16.286,,,,,,,,,,,,,,
2026-05-06,001336,29.4,30.58,29.0,29.67,5961786.0,,4.172771100943086,2026-04-29,2026-04-30,14.14749526977539,lt_50e,5.0,20.0,1426428679.2,0.025933609958506132,0.057399723374826905,1.579410105092473,29.67,2026-05-07,0.017526120660599886,-0.003370407819346166,-0.007751937984496138,-0.007751937984496138,False,0.09988649262202043,0.029133560348089338,,,2.1496981106186532,2.756559785954483,2.5918248481175605,0.07866419294990723,False,True,0.024680073126142732,16.286,,,,,,,,,,,,,,
2026-05-06,002079,11.82,12.08,11.75,11.94,79574070.0,,3.927473089358621,2026-04-29,2026-04-30,14.339404106140137,50e_100e,4.0,15.0,9483783133.5,0.02051282051282044,0.032478632478632585,1.8761910380765767,11.94,2026-05-07,0.03768844221105527,0.014237855946398703,-0.00670016750418756,-0.00335008375209378,True,0.09971777986829711,0.054562558795860694,,,1.4138917401752007,1.5353798804711645,2.102643751352044,0.0428189116859945,False,True,0.024680073126142732,16.286,,,,,,,,,,,,,,
2026-05-06,603017,15.54,15.95,15.13,15.74,38710902.0,,3.7994418207065292,2026-04-29,2026-04-30,16.428741455078125,lt_50e,5.0,20.0,4253330512.2000003,0.02207792207792214,0.03571428571428559,1.591649612914315,15.74,2026-05-07,0.03430749682338008,0.027954256670902122,-0.012071156289707674,-0.006988564167725531,True,0.09999999999999987,0.007194244604316502,,,0.8342042108990116,0.9846780511318219,0.9549376064933519,0.10317460317460325,False,True,0.024680073126142732,16.286,,,,,,,,,,,,,,
2026-05-06,000551,16.35,16.64,16.27,16.42,44508411.0,,3.647642908655342,2026-04-29,2026-04-30,12.337388038635254,50e_100e,4.0,15.0,7888428448.56,0.008599508599508532,0.02211302211302213,2.7876920487044887,16.42,2026-05-07,0.018879415347137662,0.012180267965895109,-0.0073081607795372205,0.0006090133982945556,False,0.09979064898813683,0.07815771109560354,,,1.1090753416120427,1.3950795949031356,1.554206351334325,0.020064724919093946,False,True,0.024680073126142732,16.286,,,,,,,,,,,,,,
2026-05-06,002520,5.93,6.0,5.9,5.99,52515054.0,,3.5646464436055942,2026-04-29,2026-04-30,11.62384033203125,lt_50e,5.0,20.0,4254420214.0299997,0.010118043844856706,0.01180438448566612,2.5528420591199237,5.99,2026-05-07,0.058430717863105164,0.025041736227044975,0.0,0.0,True,0.0994263862332696,0.03824091778202665,,,1.446584345333697,1.4945409422423488,1.6283641612865394,0.058931860036832484,False,True,0.024680073126142732,16.286,,,,,,,,,,,,,,
2026-05-06,001203,52.4,53.5,51.15,53.3,34629450.0,,3.329250210457441,2026-04-29,2026-04-30,3.527292490005493,gte_300e,1.5,8.0,68315506321.82,0.01892563563372196,0.02274899636780736,1.436686647085245,53.3,2026-05-07,-0.011069418386491447,-0.06022514071294549,-0.09943714821763594,-0.011069418386491447,False,0.09991423670668942,0.0006432246998284707,,,1.1158877420145723,1.134947047333604,1.135912538720095,0.10679611650485432,False,True,0.024680073126142732,16.286,,,,,,,,,,,,,,
2026-05-06,603508,26.26,26.98,26.02,26.7,10646702.0,,3.0813135025070815,2026-04-29,2026-04-30,4.526886463165283,50e_100e,4.0,15.0,9974137702.32,0.020642201834862428,0.031345565749235416,1.0170933190208387,26.7,2026-05-07,0.004868913857677848,-0.004494382022471988,-0.008614232209737893,-0.0007490636704119424,False,0.1000841042893188,0.04962153069806563,,,3.069036496417954,4.081133073295132,4.472366262224329,0.04807692307692313,False,True,0.024680073126142732,16.286,,,,,,,,,,,,,,
2026-05-06,002756,87.48,89.88,85.0,88.39,26805282.0,,2.8302072989740137,2026-04-29,2026-04-30,7.852743148803711,gte_300e,1.5,8.0,33768679572.839996,0.013182026593305807,0.030261348005502064,1.512004639643433,88.39,2026-05-07,0.0030546441905192623,-0.06165855866048198,-0.08632198212467468,-0.004412263830750107,False,0.10002625360987127,0.0005250721974270345,,,0.905274020838541,0.9626495949448524,1.0403225309620214,0.09944896352663335,False,True,0.024680073126142732,16.286,,,,,,,,,,,,,,
2026-05-06,600367,23.48,23.89,23.07,23.81,41458248.0,,2.608257607520756,2026-04-29,2026-04-30,14.756208419799805,50e_100e,4.0,15.0,7556710581.54,0.014486578610992673,0.01789518534299117,1.1595997464214887,23.81,2026-05-07,0.005039899202015974,-0.0058798824023518215,-0.016379672406551693,-0.004619907601847939,False,0.09995262908574132,0.001894836570345726,,,1.2278805484765192,1.0839269869462937,1.261375940127303,0.10047393364928903,False,True,0.024680073126142732,16.286,,,,,,,,,,,,,,
2026-05-06,600135,11.38,11.66,11.35,11.46,32940191.0,,2.2892877440742834,2026-04-29,2026-04-30,8.569038391113281,50e_100e,4.0,15.0,6324300141.57,0.002624671916010568,0.02012248468941391,2.0268205524732266,11.46,2026-05-07,0.03141361256544495,0.011343804537521818,0.0,0.005235602094240788,True,0.1002004008016033,0.014028056112224352,,,1.209750710568442,0.9041385965086614,0.918402614620521,0.09253731343283578,False,True,0.024680073126142732,16.286,,,,,,,,,,,,,,
2026-05-07,603030,2.8,2.91,2.8,2.87,103900107.0,,5.249822910239325,2026-04-30,2026-05-06,10.200057029724121,lt_50e,5.0,20.0,3700583191.2000003,0.021352313167259718,0.03558718861209975,3.114591593513353,2.87,2026-05-08,0.09756097560975596,0.0662020905923344,0.0034843205574912606,0.010452961672473782,True,0.09958506224066377,0.08713692946058083,,,0.9752441488675101,0.8933888442516003,1.2172756256017256,0.011450381679389166,False,True,0.029140648230746358,16.555,,,,,,,,,,,,,,
2026-05-07,603131,23.99,24.57,23.5,24.33,32919635.0,,4.620231408058176,2026-04-30,2026-05-06,11.855764389038086,50e_100e,4.0,15.0,8041975341.400001,0.0192710515291159,0.029325513196480912,2.6931262551465855,24.33,2026-05-08,0.047266748869708275,0.02959309494451312,-0.02178380600082197,-0.018906699547883155,True,0.10014655593551547,-0.0009770395701025336,,,1.6467706133248403,1.5548598396976143,1.9035310639945267,0.10230053842388642,False,True,0.029140648230746358,16.555,,,,,,,,,,,,,,
2026-05-07,603726,25.46,26.18,25.2,26.06,10293320.0,,4.466900082279983,2026-04-30,2026-05-06,7.539421081542969,lt_50e,5.0,20.0,4687843356.0,0.026792750197005555,0.03152088258471242,1.7876250625794277,26.06,2026-05-08,0.008058326937835814,-0.009976976208748933,-0.01726784343821952,-0.002302379125095899,False,0.10004426737494465,0.027888446215139417,,,1.1089620521758383,1.708032235307077,2.4120656975096657,0.07343412526997861,False,True,0.029140648230746358,16.555,,,,,,,,,,,,,,
2026-05-07,605099,49.29,51.88,48.01,50.89,10157398.0,,4.402096694602157,2026-04-30,2026-05-06,3.064464569091797,100e_300e,3.0,10.0,19887977755.88,0.027250706499798216,0.04723455793298359,1.6770260446223353,50.89,2026-05-08,0.031636863823933936,-0.011397131067007238,-0.03399489094124586,-0.01179013558655928,True,0.09995456610631526,0.019990913221263007,348438432.0,1.8273208141326904,1.4264205545192252,1.7407571545300273,1.446552589121874,0.07839643652561246,False,True,0.029140648230746358,16.555,,,,,,,,,,,,,,
2026-05-07,001268,38.99,40.18,38.23,39.31,5153478.0,,3.7474174285649497,2026-04-30,2026-05-06,10.125408172607422,lt_50e,5.0,20.0,2590788692.28,0.023165018219677203,0.04580947423217063,1.4309156065972295,39.31,2026-05-08,0.015517679979649035,0.007631645891630567,-0.02060544390740271,0.0010175527855507127,False,0.09994272623138589,0.0,,,1.278933261860091,0.8529734993680681,1.4120502600169063,0.09994272623138589,False,True,0.029140648230746358,16.555,,,,,,,,,,,,,,
2026-05-07,605123,111.81,114.3,110.52,112.42,5997368.0,,3.299465815398528,2026-04-30,2026-05-06,6.850832462310791,100e_300e,3.0,10.0,13389383566.0,0.017375565610859844,0.03438914027149309,1.5619092543125435,112.42,2026-05-08,0.04340864614837203,0.03638142679238565,-0.012631204412026364,-0.012631204412026364,True,0.10004121162167734,0.030290541932824988,,,1.8751017852390022,1.677841359061139,1.8469836922006033,0.06866179561605446,False,True,0.029140648230746358,16.555,,,,,,,,,,,,,,
2026-05-07,600052,4.54,4.61,4.47,4.54,58276089.0,,2.3942698885232265,2026-04-30,2026-05-06,11.03514575958252,lt_50e,5.0,20.0,3807318281.91,0.006651884700665134,0.022172949002217335,1.7290814184567131,4.54,2026-05-08,0.03303964757709266,0.013215859030836885,-0.008810572687224627,0.011013215859030812,True,0.0990099009900991,0.004950495049504955,,,0.7276899971837976,0.9889175938338898,1.6480604396725103,0.0990099009900991,False,True,0.029140648230746358,16.555,,,,,,,,,,,,,,
2026-05-07,603698,43.99,44.64,43.0,44.26,38961206.0,,1.598532411882563,2026-04-30,2026-05-06,9.741554260253906,100e_300e,3.0,10.0,23599639700.0,0.005223711106064011,0.013854190324778637,1.076161301276162,44.26,2026-05-08,0.0490284681427926,0.02010845006778128,-0.017171260732037896,-0.010393131495707197,True,0.10007505629221924,0.02001501125844385,,,1.4259241311121964,1.0380287066152294,1.3362223272202127,0.09269383697813116,False,True,0.029140648230746358,16.555,,,,,,,,,,,,,,
2026-05-08,603001,9.55,9.84,9.4,9.79,17197172.0,,6.1782807622118,2026-05-06,2026-05-07,6.675919532775879,lt_50e,5.0,20.0,3753172800.0,0.045940170940171,0.05128205128205132,1.5842636681947009,9.79,2026-05-11,0.0010214504596528506,-0.06026557711950964,-0.06332992849846775,-0.01736465781409602,False,0.09963547995139743,0.009720534629404698,,,1.2397516662704597,1.5365081891036863,1.8858470573349249,0.0929951690821258,False,True,0.015024559375902857,16.899,,,,,,,,,,,,,,
2026-05-08,001316,59.27,61.32,56.88,60.7,7676174.0,,3.450749575955408,2026-05-06,2026-05-07,9.485288619995117,50e_100e,4.0,15.0,6674159350.95,0.012172753043188322,0.022511255627813975,2.2334742716365756,60.7,2026-05-11,0.04728171334431619,0.027347611202635846,-0.017133443163097284,0.0006589785831960793,True,0.10000000000000009,0.050096339113680166,265350395.0,4.246876239776611,1.6547964370755057,1.6367502500186741,1.6688982587508425,0.057222222222222285,False,True,0.015024559375902857,16.899,,,,,,,,,,,,,,
2026-05-08,603063,50.58,52.42,49.5,51.5,35093205.0,,2.5901321057361333,2026-05-06,2026-05-07,9.68947696685791,100e_300e,3.0,10.0,23284150344.0,0.014778325123152802,0.03290640394088684,1.1122995934208528,51.5,2026-05-11,0.09999999999999987,0.09999999999999987,0.005825242718446644,0.005825242718446644,True,0.10004557885141296,0.005013673655423823,,,1.075824010573023,0.9732276502719862,0.9455002880162651,0.09904371584699456,False,True,0.015024559375902857,16.899,,,,,,,,,,,,,,
2026-05-11,605168,52.44,55.94,51.57,54.4,15656649.0,,5.856193818183766,2026-05-07,2026-05-08,9.35677433013916,100e_300e,3.0,10.0,10962483272.0,0.04615384615384621,0.07576923076923081,1.2408092027991453,54.4,2026-05-12,0.043933823529411775,0.006433823529411686,-0.014705882352941124,0.0,True,0.09995791245791241,0.011153198653198526,,,0.8387191963569757,1.150094956807877,1.7015269890335514,0.09603690501153284,False,True,0.017933390264731175,17.195,,,,,,,,,,,,,,
2026-05-11,002350,17.06,17.6,16.72,17.38,45423048.0,,5.495962828618978,2026-05-07,2026-05-08,10.796772956848145,50e_100e,4.0,15.0,8860186185.699999,0.04071856287425146,0.05389221556886237,1.4241065411938325,17.38,2026-05-12,-0.007479861910241636,-0.04257767548906777,-0.056962025316455556,-0.007479861910241636,False,0.09999999999999987,0.017931034482758568,,,1.263474439609357,1.4536232213759253,1.457441852676965,0.09171800136892538,False,True,0.017933390264731175,17.195,,,,,,,,,,,,,,
2026-05-11,600707,9.03,9.44,8.87,9.15,221760784.0,,4.437140744612805,2026-05-07,2026-05-08,5.946744918823242,gte_300e,1.5,8.0,31858507220.160004,0.03040540540540526,0.06306306306306286,1.3966002040722785,9.15,2026-05-12,0.07431693989071042,0.03825136612021862,-0.004371584699453646,0.017486338797814138,True,0.09975669099756668,0.024330900243308973,,,1.052795489655747,0.8951942403039702,1.1237441793167298,0.07491082045184294,False,True,0.017933390264731175,17.195,,,,,,,,,,,,,,
2026-05-11,002384,212.0,222.6,208.47,218.3,89441520.0,,4.301936927024365,2026-05-07,2026-05-08,6.458770751953125,gte_300e,1.5,8.0,293054549024.97,0.03268839585600092,0.05302994465206501,1.0330973414242735,218.3,2026-05-12,0.05359596885020612,0.0053137883646356965,-0.0219422812643153,0.02414109024278499,True,0.10001042318115494,-0.017979987492182548,,,0.9837783281096193,0.9199988039166189,0.9442998028099509,0.13600645855758864,False,True,0.017933390264731175,17.195,,,,,,,,,,,,,,
2026-05-11,002915,21.0,21.45,20.86,21.37,19302108.0,,4.093411273502834,2026-05-07,2026-05-08,10.16581916809082,50e_100e,4.0,15.0,6078364037.5,0.012796208530805764,0.016587677725118377,2.8137904204222584,21.37,2026-05-12,0.008890968647636832,-0.02573701450631727,-0.030416471689284186,-0.0009358914365933391,False,0.09989373007438895,-0.0005313496280553442,,,1.21154514875936,1.1955509669145032,1.6089230562223351,0.11051502145922742,False,True,0.017933390264731175,17.195,,,,,,,,,,,,,,
2026-05-11,605598,59.98,62.5,57.75,59.5,12412429.0,,3.89628635253298,2026-05-07,2026-05-08,7.248450756072998,100e_300e,3.0,10.0,14260226352.12,0.013974096796182778,0.0650988411724609,2.4988766729147023,59.5,2026-05-12,0.04201680672268915,-0.02857142857142858,-0.037142857142857144,0.04201680672268915,True,0.10006088897909482,0.0030444489547392095,,,1.227708778794335,1.1048035321870786,1.1613513600118883,0.09983766233766245,False,True,0.017933390264731175,17.195,,,,,,,,,,,,,,
2026-05-11,603950,68.5,70.86,65.11,70.05,16459950.0,,3.697420161285769,2026-05-07,2026-05-08,5.570802688598633,100e_300e,3.0,10.0,22167065800.0,0.02262773722627731,0.034452554744525576,1.434646438658038,70.05,2026-05-12,0.10007137758743756,0.08493932905067814,-0.011134903640256932,0.0,True,0.09999999999999987,0.005344827586206913,,,1.322522801021231,1.1826084450655998,0.9801833868328244,0.11890564714135388,False,True,0.017933390264731175,17.195,,,,,,,,,,,,,,
2026-05-11,601868,3.23,3.41,3.23,3.25,1691438208.0,,3.0017961627549457,2026-05-07,2026-05-08,7.17065954208374,gte_300e,1.5,8.0,104420502987.92001,0.009316770186335255,0.05900621118012417,2.07011914412142,3.25,2026-05-12,0.04307692307692301,0.021538461538461506,-0.027692307692307683,0.0,True,0.09859154929577474,0.0035211267605634866,,,1.8633915901588858,1.5429442396758815,1.62976448242026,0.09473684210526323,False,True,0.017933390264731175,17.195,,,,,,,,,,,,,,
2026-05-11,605218,18.74,18.9,18.27,18.49,6381100.0,,2.3985625839195555,2026-05-07,2026-05-08,5.172564506530762,lt_50e,5.0,20.0,3905493991.0000005,0.007629427792915422,0.029972752043596618,1.6356198046280133,18.49,2026-05-12,0.010275824770145991,-0.010816657652785278,-0.020551649540291983,0.009194159004867641,False,0.10024154589371981,0.006038647342995196,,,1.33728779379055,1.7551545400436392,2.2004337444520226,0.10357359176256797,False,True,0.017933390264731175,17.195,,,,,,,,,,,,,,
2026-05-11,603256,147.93,153.2,140.79,149.98,28199400.0,,1.8211594924174124,2026-05-07,2026-05-08,2.7026538848876953,gte_300e,1.5,8.0,130965032925.0,0.00745616981258812,0.029085779539195222,1.0755425111586003,149.98,2026-05-12,0.0068009067875718365,-0.011134817975730016,-0.04287238298439777,-0.01986931590878782,False,0.09999236699488612,0.030455690405312597,3110214736.0,2.5128283500671387,0.9645904197167099,0.9226289407851795,0.8173314693730926,0.06748148148148148,False,True,0.017933390264731175,17.195,,,,,,,,,,,,,,
2026-05-13,002179,40.82,42.5,40.71,41.9,87365931.0,,3.855161998461867,2026-05-11,2026-05-12,6.729087829589844,gte_300e,1.5,8.0,85642178228.35,0.025703794369644983,0.04039167686658507,1.2847825614973682,41.9,2026-05-14,0.021479713603818507,-0.03627684964200473,-0.03627684964200473,0.014319809069212486,False,0.09994582881906822,0.020585048754062862,,,2.0708640254626918,2.4395281797790997,2.6948250995697225,0.07776008492569009,False,True,0.04088141490287023,17.589,,,,,,,,,,,,,,
2026-05-13,001207,20.14,20.66,19.69,20.45,15408590.0,,2.938679708725931,2026-05-11,2026-05-12,8.040335655212402,50e_100e,4.0,15.0,5893408932.88,0.015392254220456758,0.02581926514399213,1.3994542866802553,20.45,2026-05-14,0.0337408312958436,0.018581907090464478,-0.019070904645476783,-0.003911980440097662,True,0.0997782705099779,0.001662971175166339,,,2.079219766540911,2.2452851196589116,2.2746739451727254,0.10038824181919015,False,True,0.04088141490287023,17.589,,,,,,,,,,,,,,
2026-05-13,603150,72.42,74.57,71.98,73.9,2387700.0,,2.893547366875652,2026-05-11,2026-05-12,4.701859951019287,50e_100e,4.0,15.0,6234275190.000001,0.01330042506513096,0.022487316604963503,1.5635048603625559,73.9,2026-05-14,0.05277401894451961,-0.016238159675236896,-0.016238159675236896,0.005953991880920162,True,0.10000000000000009,0.0029940119760478723,,,1.0075481462505953,1.1069609590983551,0.9714868017336932,0.12251756798044622,False,True,0.04088141490287023,17.589,,,,,,,,,,,,,,
2026-05-20,603726,29.15,30.06,28.64,29.82,13426476.0,,7.164972584296988,2026-05-18,2026-05-19,8.627104759216309,50e_100e,4.0,15.0,5288138506.0,0.041564792176039145,0.04994760740482018,3.0084933666930733,29.82,,,,,,False,0.09996351696461137,0.09996351696461137,,,0.7212569006582462,0.6296704470760226,0.8565492667914866,0.01858108108108092,False,True,0.004858531008859579,17.556,,,,,,,,,,,,,,
2026-05-20,603360,23.52,24.85,23.52,24.1,26979548.0,,2.8391656176373408,2026-05-18,2026-05-19,6.098352909088135,100e_300e,3.0,10.0,16949367696.0,0.004166666666666652,0.03541666666666665,2.4224989509706756,24.1,,,,,,False,0.10000000000000009,0.0536585365853659,,,0.7802390684378231,0.7069485831550838,0.8688199436037269,0.05177238805970141,False,True,0.004858531008859579,17.556,,,,,,,,,,,,,,
2026-05-20,600339,4.21,4.4,4.21,4.27,181986816.0,,2.450792034012916,2026-05-18,2026-05-19,4.006721496582031,100e_300e,3.0,10.0,23505050852.91,0.014251781472683911,0.04513064133016642,1.025613886744525,4.27,,,,,,False,0.09921671018276768,0.018276762402088753,,,2.1706739472395338,2.2701632327230676,2.1054236622763667,0.07948717948717943,False,True,0.004858531008859579,17.556,,,,,,,,,,,,,,
2026-05-20,603191,23.0,24.11,22.76,23.28,34748552.0,,2.135417967401037,2026-05-18,2026-05-19,13.292340278625488,50e_100e,4.0,15.0,7615583868.12,0.008665511265164794,0.04462738301559788,1.2688668408845576,23.28,,,,,,False,0.10019841269841279,0.0,,,1.5371820215674692,2.040449252516329,2.52628729621457,0.11963654719838468,False,True,0.004858531008859579,17.556,,,,,,,,,,,,,,
